customer_id,customer_name,total_sales,total_profit
TK-60026-32354,Tanya Kaiser,5886.0,1069.0
JC-57986-22367,Joshua Coleman,821.0,115.0
JF-35281-62230,Joshua Figueroa,1044.0,225.0
EM-17267-70217,Eric Martinez,1456.0,277.0
BJ-56987-29622,Beverly Jones,358.0,65.0
KD-28448-45562,Kimberly Dodson,379.0,91.0
JS-50655-69183,Jeremy Soto,20937.0,4245.0
ED-12373-82298,Edward Doyle,2271.0,348.0
DV-46212-27560,Darin Valencia,867.0,151.0
KJ-16586-26159,Kelly Johnson,1922.0,240.0
BB-64892-13633,Brandon Blackburn,456.0,137.0
PS-72951-30172,Pamela Stone,1170.0,189.0
JT-42134-96274,Joel Thomas,513.0,87.0
RM-70820-79637,Rebecca Mcdaniel,1858.0,445.0
ES-67792-47947,Evan Smith,1566.0,221.0
KW-97201-10758,Keith Wolfe,397.0,99.0
DH-99426-71897,Debra Hahn,15478.0,2903.0
CL-81193-44195,Christopher Lee,8259.0,1584.0
MP-85971-66006,Mrs. Victoria Perez,298.0,75.0
RC-70441-91837,Robert Calhoun,5269.0,1199.0
NF-23406-80871,Nancy Fuentes,622.0,83.0
MZ-76401-10473,Mary Zamora,7176.0,1311.0
KH-18226-63910,Kristine Herrera,157.0,22.0
RG-14536-48603,Rebecca Gibson,11808.0,1773.0
JJ-74882-98412,James Harrison Jr.,1007.0,98.0
AC-92212-20344,Alexander Cantu,880.0,205.0
YS-24512-85290,Yvette Sexton,209.0,32.0
MM-85074-56821,Michael Morales,10421.0,1796.0
RP-57346-98236,Richard Pope,365.0,50.0
LN-44901-94954,Leslie Newman,533.0,53.0
TO-45982-32016,Theresa Ochoa,818.0,133.0
KL-44710-57007,Kelly Levine,361.0,101.0
DL-84584-23888,Donna Lopez,356.0,82.0
SL-69115-88911,Susan Lewis,560.0,110.0
JV-27804-85203,Joshua Villarreal,163.0,47.0
EC-58875-73328,Ethan Clark,800.0,143.0
GF-36877-29942,Guy Figueroa,64.0,10.0
TB-32380-76912,Teresa Bailey,292.0,85.0
ML-29836-11837,Melissa Lamb,4262.0,771.0
SK-21467-84842,Sarah Kim,17205.0,3337.0
CM-51203-89207,Christine Mills,625.0,122.0
JD-27067-50057,James Dillon,9582.0,1885.0
MS-69284-55473,Michael Smith,439.0,30.0
RD-66919-31132,Rebecca Douglas,162.0,44.0
JS-77511-35234,Jorge Smith,445.0,111.0
CC-53591-68226,Chad Cook,283.0,56.0
DB-56900-96223,Dustin Butler,151.0,17.0
MR-38011-16014,Michael Rosales,128.0,27.0
TB-42883-52200,Tabitha Barton,7806.0,1326.0
RB-49845-93017,Robert Boyer,159.0,13.0
MC-37547-96924,Michele Cowan,1064.0,158.0
ND-57336-80172,Nicole Davis,16059.0,2901.0
ME-23369-48553,Michael Ellis,11014.0,2077.0
KS-64025-85332,Kyle Schneider,475.0,55.0
AB-16963-35142,Alisha Bean,464.0,39.0
MH-41308-98462,Megan Humphrey,459.0,121.0
SV-94416-53609,Sharon Valencia,6825.0,1263.0
WT-35607-57160,William Thompson,503.0,121.0
SG-75402-95719,Samuel Grant,597.0,138.0
AT-58661-49517,Adam Torres,832.0,135.0
JF-73909-13496,Joe Fitzgerald,5512.0,1050.0
MS-31933-53098,Mary Smith,498.0,111.0
HA-23268-44062,Holly Adams,1238.0,193.0
BG-48867-82050,Beth Glover,2458.0,486.0
JA-78297-63842,John Armstrong,34882.0,4949.0
MW-37352-98336,Michelle Warner,7754.0,1383.0
EJ-33896-71534,Eric Jacobs,18198.0,4350.0
AT-54549-97567,Alyssa Torres,490.0,91.0
RS-49071-72388,Rachel Scott,861.0,229.0
JS-68281-21894,Jason Sims,8975.0,2458.0
TV-55920-45167,Tracey Vega,945.0,180.0
BE-46879-27773,Benjamin Escobar,10083.0,1412.0
LN-92505-16807,Lauren Nunez,466.0,65.0
MJ-43303-79427,Michael Jones,1288.0,213.0
YL-37178-52740,Yvonne Lozano,207.0,30.0
ED-78238-47833,Emily Dickson,8235.0,1553.0
KA-12321-85020,Kelsey Alvarez,8984.0,1479.0
CB-45650-90192,Caleb Brown,16601.0,2635.0
AE-33622-97029,Anna Espinoza,11362.0,2181.0
BP-15713-96010,Barry Peterson,482.0,67.0
KS-25359-73575,Kimberly Snow,1009.0,207.0
BS-42455-90764,Brian Stevens,7047.0,1358.0
JO-41650-41183,Jodi Obrien,1265.0,210.0
MW-71045-98555,Miguel Warren,82.0,18.0
MM-89791-67717,Melanie Murillo,265.0,26.0
RP-14493-72888,Rebecca Parsons,918.0,213.0
DR-43032-59065,Diana Robinson,6949.0,961.0
JW-81114-36478,Jennifer Wood,1347.0,203.0
CB-72898-85515,Christopher Berg,638.0,107.0
CC-13161-67759,Chelsea Cummings,1202.0,133.0
RB-29998-10654,Robert Banks,2768.0,565.0
JL-75474-65640,Joseph Lewis,17897.0,2535.0
WJ-28533-77658,William Johnson,6452.0,977.0
CM-55130-71209,Christine Miranda,8111.0,1417.0
GK-90180-58945,Gina Keller,83.0,24.0
OP-25186-61143,Olivia Parker,532.0,49.0
PT-46002-82453,Patrick Trujillo,7344.0,1082.0
AD-44030-53091,Ann Davis,1307.0,227.0
MH-94562-55742,Michael Hoover,2350.0,432.0
RN-29604-44017,Robert Norman,594.0,76.0
RT-32883-35832,Rodney Tucker,485.0,123.0
CW-40832-11571,Carrie Watson,131.0,25.0
KW-11220-22007,Kimberly Wood,10479.0,2094.0
MA-68753-83269,Matthew Anthony,1145.0,188.0
ML-31943-57359,Misty Lewis,1546.0,366.0
DL-75703-81306,Douglas Lee,6976.0,979.0
BS-82039-57377,Brian Smith,729.0,106.0
LG-73952-61222,Laura Gill,130.0,27.0
MA-67620-37912,Melissa Anthony,118.0,28.0
JR-97900-39685,Jennifer Ryan,9162.0,1353.0
ML-85810-71392,Michele Long,187.0,41.0
AK-55910-19130,Amy Kirby,296.0,19.0
PK-43201-31473,Peter Kelly,616.0,133.0
EE-48079-66019,Eric Elliott,23442.0,5162.0
AT-53144-45006,Allen Torres,981.0,139.0
DH-40652-63118,Dawn Harrison,9529.0,1599.0
AS-80405-23001,Ashley Stewart,439.0,77.0
JS-23768-80176,Jessica Smith,79.0,10.0
JW-97772-87535,Joyce Wood,7056.0,1048.0
MN-17213-95880,Mark Nicholson,12637.0,2514.0
PW-47014-35254,Paula Whitehead,12703.0,2298.0
DD-63396-28687,Daniel Davis,484.0,121.0
MB-35269-49589,Mrs. Ann Blankenship,101.0,26.0
AC-89800-83948,Amanda Cole,356.0,25.0
LM-47878-66487,Lisa Mills,201.0,41.0
SM-71322-95897,Shawn Mitchell,1497.0,279.0
BM-73283-60155,Bianca Mcgee,991.0,243.0
TR-74475-72185,Tamara Roberts,1839.0,319.0
SB-80664-56955,Shannon Bridges,577.0,126.0
SM-60733-63514,Stephen Martin,11295.0,2543.0
WB-16041-52646,Wesley Bass,345.0,38.0
AT-47125-26941,Anna Turner,502.0,116.0
MS-13228-23124,Meredith Smith,16130.0,3043.0
TJ-91197-26131,Toni Johnson,1552.0,190.0
JC-75405-44592,James Cox,177.0,40.0
TP-38819-53136,Tina Porter,10893.0,2786.0
MA-13110-10659,Michael Anthony,1756.0,222.0
CR-50495-64582,Christine Reynolds,9244.0,1686.0
VM-55349-22133,Veronica Miller,57.0,5.0
CS-25187-63060,Christopher Schwartz,465.0,93.0
RJ-71638-71448,Roy Jones,1737.0,104.0
BC-44335-79401,Bruce Cervantes,722.0,71.0
JT-89448-86732,Johnathan Tran,290.0,48.0
TS-45592-89526,Tommy Snyder,1571.0,377.0
ST-16866-43501,Sherry Taylor,9725.0,1472.0
LC-14140-94288,Lauren Church,304.0,27.0
AS-89167-45583,Anthony Simmons,1185.0,232.0
EP-36832-63263,Elizabeth Phillips,158.0,21.0
BW-91612-69279,Benjamin Wallace,460.0,52.0
JR-51481-80584,Joseph Ross,5639.0,831.0
RC-33983-53406,Robert Carrillo,224.0,33.0
AH-12305-72871,Allen Hunter,886.0,84.0
CM-91518-82055,Catherine Mitchell,1496.0,154.0
AS-63474-90282,Abigail Steele,757.0,131.0
DJ-56916-17159,Dr. Jose Shepard Jr.,1586.0,246.0
HB-67235-26109,Herbert Banks,887.0,100.0
MR-75804-85309,Michael Reed,4689.0,819.0
AR-72423-28696,Anne Richards,11389.0,1782.0
TS-86947-63674,Tammy Salazar,9525.0,1594.0
MM-20159-85973,Mrs. Cindy Moore,336.0,88.0
AC-25623-62811,Aaron Carroll,7358.0,1380.0
JM-24743-25192,Joseph Martin,389.0,43.0
SH-86389-86978,Shane Holloway,644.0,83.0
SL-56662-92317,Susan Lopez,20544.0,2908.0
NO-72785-32579,Nancy Owens,1355.0,185.0
MM-49817-62222,Melissa Martin,7026.0,1327.0
SC-25734-34208,Shelley Crawford,336.0,54.0
YM-63711-13718,Yolanda Martin,669.0,77.0
GE-47792-43975,Gloria Edwards,1070.0,83.0
BS-22240-67466,Brittany Short,170.0,40.0
RW-64652-25509,Raymond Williams,9918.0,1830.0
OB-96737-71964,Olivia Brown,1290.0,192.0
GA-68890-43668,Grant Adams,1119.0,186.0
DG-11589-72496,Devin Gill,916.0,180.0
NL-66619-54869,Nancy Lee,148.0,22.0
AR-53498-98381,Ariana Robinson,18964.0,3205.0
JJ-39827-56403,Jason Johnson,577.0,111.0
JM-38589-25095,Jessica Mcdowell,1204.0,273.0
DS-49392-78090,Douglas Snyder,1013.0,173.0
TO-92895-36865,Tammy Owen,1674.0,286.0
TJ-51317-35028,Thomas Jacobs,964.0,149.0
RL-34943-59606,Robert Lee,8904.0,1563.0
HC-48966-93672,Hector Collins,7341.0,1129.0
DG-65576-80437,Donna Green,103.0,27.0
MM-89112-39101,Mary Frost MD,1297.0,238.0
CM-38129-33113,Chloe Matthews,13230.0,2634.0
GB-90999-40037,Gina Baker,1742.0,300.0
SS-50588-43733,Stanley Santos,944.0,179.0
RD-69459-15641,Ronald Davis,1711.0,421.0
LP-84040-63960,Luis Morris PhD,7958.0,1104.0
JW-70848-28559,Jeffery White,768.0,143.0
JM-70920-64134,John Miller,10337.0,1892.0
JM-89063-84532,John Miller,5252.0,944.0
GH-81603-64816,Gregory Hernandez,10882.0,2191.0
DS-78943-99189,Daisy Stone,1154.0,147.0
DW-53742-65650,Deborah Williams,75.0,8.0
RH-37169-77056,Richard Harper,1526.0,372.0
DF-99933-26096,Donald Francis,7952.0,1178.0
BM-51261-44533,Brittany Willis MD,6047.0,1247.0
CG-10799-58813,Christina Gray,368.0,43.0
BJ-12067-44846,Barbara Jones,617.0,133.0
AF-27590-32529,Amanda Flynn,2354.0,579.0
NA-40672-76604,Nathan Aguilar,7760.0,1441.0
MJ-72375-26279,Mrs. Kathy Jones,877.0,197.0
DH-39986-48305,Daniel Harris,130.0,38.0
NC-86650-17751,Nathaniel Carlson,529.0,51.0
TC-28155-94620,Tyler Cobb,461.0,26.0
JS-40171-35322,Jean Short,2068.0,297.0
TC-80857-45682,Thomas Collier,211.0,14.0
AH-24277-69849,Amanda Heath,793.0,129.0
TH-53049-79611,Timothy Hill,7405.0,1284.0
AA-23257-57983,Angela Alexander,712.0,178.0
MR-16528-33633,Mr. John Reed,1048.0,181.0
EH-61426-49946,Erica Hamilton,862.0,94.0
JB-13581-94838,Julie Booker,1192.0,205.0
MD-65912-37177,Michelle Douglas,26296.0,5740.0
KW-62272-87798,Krystal Walter,9038.0,1688.0
MC-27703-30601,Micheal Carter,94.0,11.0
DB-86881-16447,Daniel Byrd,992.0,156.0
CH-50130-38835,Cesar Hill,1158.0,207.0
TG-86432-16205,Tony Gilmore,1795.0,117.0
AM-46664-11680,Aimee Mitchell,2067.0,263.0
DC-96721-11306,David Campos,1838.0,257.0
RP-71559-18690,Rachel Pena,884.0,77.0
KC-59574-18786,Krystal Chan,10462.0,2055.0
WG-88606-12030,William Gibson,1464.0,202.0
LB-41163-92649,Lance Boone,476.0,54.0
JR-70940-17611,Jeffrey Rojas,7118.0,1381.0
LC-85706-78804,Laura Carey,6817.0,1846.0
MC-36857-34024,Michelle Cook,8960.0,1539.0
JG-48110-82743,John Guerrero,313.0,23.0
BC-24402-64854,Brian Castillo,424.0,115.0
LR-84101-33249,Levi Ruiz,7119.0,1121.0
CR-62574-97744,Crystal Reed,22088.0,4209.0
BA-15075-21462,Brandy Allen,15369.0,2785.0
AD-79373-54674,Angela Davis,237.0,21.0
AK-26342-49926,Andrew Kramer,1345.0,166.0
PA-52983-12821,Patrick Andrews,696.0,127.0
KH-42532-96631,Kimberly Hanson,10139.0,1646.0
SH-70042-99545,Stacey Hardin,928.0,147.0
CH-51628-41683,Crystal Harrison,392.0,34.0
LD-93554-37785,Lori Blankenship DDS,20972.0,4209.0
AL-57988-35523,Alison Lowe,11072.0,2127.0
CS-16695-60821,Carol Sampson,405.0,61.0
KW-34403-17526,Kimberly Ware,663.0,101.0
ER-66058-50449,Edward Ramos,291.0,44.0
MB-94913-15774,Monica Bailey,1216.0,142.0
DS-73410-42450,Diana Stephenson,733.0,109.0
ML-38117-19520,Mark Lam,1248.0,183.0
JS-67906-88417,Jamie Stuart,1880.0,278.0
MF-82644-17897,Mark Fleming,373.0,91.0
FV-65640-20645,Franklin Vasquez,285.0,26.0
JM-11010-83064,John Miller,538.0,95.0
CM-72236-30040,Courtney Mclean,327.0,93.0
SP-21676-46275,Scott Patterson,493.0,47.0
KJ-52721-34078,Kiara Jackson,772.0,86.0
KM-17071-26481,Kimberly Morgan,312.0,68.0
JS-23194-97127,Joe Sutton,6841.0,1019.0
CW-97179-76305,Christopher Ward,929.0,156.0
GC-27009-46942,Gary Cole,920.0,210.0
EW-55409-44997,Elizabeth Weiss,13447.0,1574.0
AW-39121-74140,Amy Williams,92.0,10.0
JD-52604-17788,Jason Long DDS,7381.0,1304.0
TG-87706-19063,Tiffany Gonzalez,23357.0,2845.0
AW-54192-13474,Andrew Willis,291.0,50.0
EC-12099-53319,Erica Castillo,734.0,135.0
AP-26573-84196,Austin Perkins,11969.0,2504.0
KM-13829-55470,Kelly Mclaughlin,555.0,130.0
MM-62824-26339,Mr. David Martinez,10164.0,1680.0
DS-80324-57753,David Small,242.0,54.0
WB-59166-99268,Wendy Burton,6396.0,1009.0
MM-96380-98086,Michael Murray,26043.0,4611.0
DA-79281-32920,Deborah Alexander,139.0,11.0
RB-74451-59400,Rachael Blake,143.0,25.0
MG-31048-66805,Morgan Green,1511.0,178.0
MN-49235-54731,Melvin Neal,2067.0,304.0
BH-69863-59556,Brandi Hill,12038.0,2339.0
PS-69308-67026,Paula Stephens,451.0,105.0
KC-82567-25897,Kevin Cooley,249.0,44.0
KW-66820-29514,Kenneth Walker,254.0,13.0
CD-36500-19760,Cheryl Harris DDS,1186.0,210.0
LR-56652-56872,Lisa Reed,468.0,98.0
KM-32159-62213,Kristin Boyle MD,80.0,20.0
HT-49304-76141,Heather Taylor,1242.0,157.0
ET-15227-58170,Eddie Tucker,17420.0,4042.0
RW-73992-24067,Robert Watkins,16083.0,2925.0
KR-88778-30154,Kevin Robertson,204.0,29.0
RE-99643-50020,Regina Edwards,8041.0,1499.0
ES-99079-13505,Edward Smith,1050.0,202.0
MV-28787-20899,Mark Vazquez,722.0,111.0
NR-26608-28995,Nicholas Rivera,1600.0,255.0
PV-20287-58562,Pamela Vargas,375.0,73.0
HR-21948-51628,Heidi Rush,17144.0,2530.0
MG-27585-13569,Margaret Gonzalez,7069.0,1222.0
BG-13624-19834,Brenda Gonzalez,365.0,49.0
NR-23092-57064,Nicole Richards,12754.0,2524.0
WO-66871-67421,Wyatt Orozco,12276.0,2218.0
GR-34577-80584,Gregory Russell,2267.0,347.0
JM-33052-53040,Jennifer Morse,10641.0,1444.0
JG-10138-58283,Jennifer Gould,1217.0,195.0
CL-60640-21854,Carmen Lawrence,145.0,27.0
JW-45046-39844,Julie Wells,11529.0,2078.0
JT-62934-67032,Jorge Torres,254.0,75.0
SC-94478-71178,Stephanie Clark,8917.0,1885.0
KM-74618-16022,Kathryn Macias,8177.0,1464.0
CT-29768-83832,Carrie Thompson,631.0,101.0
JW-34552-76031,John Wilson,391.0,87.0
AP-71150-41288,Anthony Perez,12435.0,2465.0
KH-17646-36987,Kelsey Hogan,391.0,72.0
JT-31555-92569,John Tyler,13165.0,2552.0
MB-64704-66877,Ms. Katelyn Black,496.0,115.0
RL-40724-52063,Regina Lopez,20815.0,4763.0
AC-24212-87909,Amanda Cook,1226.0,297.0
MH-53831-84901,Matthew Hart,576.0,112.0
JM-94914-89601,James Miller,3251.0,553.0
KY-97588-33283,Kathryn Yang,989.0,119.0
BL-94080-55300,Barry Love,1181.0,222.0
MW-77422-50367,Mary Wade,915.0,193.0
KH-28044-21087,Kelly Holmes,93.0,22.0
MW-21587-55680,Michael Webb,415.0,77.0
DS-31800-24051,Donna Sims,446.0,66.0
AB-96554-91754,Alex Ball,365.0,47.0
KM-42101-63102,Kaitlyn Mcguire,224.0,29.0
JF-55788-95863,Jennifer Freeman,171.0,44.0
AP-80353-14757,Aaron Patel,448.0,38.0
MF-80018-74374,Mackenzie Figueroa,9517.0,1388.0
NR-52878-50815,Natalie Reed,9016.0,1827.0
AB-68608-11449,Anna Bennett,910.0,149.0
GW-76348-86359,Gregory Wood,1636.0,165.0
MS-40574-11787,Matthew Scott,1652.0,189.0
BR-24829-10605,Brittney Rodriguez,387.0,41.0
DL-29175-50570,Daniel Lopez,10273.0,1446.0
EL-18351-21708,Edward Lynch,377.0,112.0
IM-13293-79546,Isabella Munoz,789.0,147.0
NH-28965-96302,Nancy Hernandez,1023.0,77.0
JB-39595-67777,Jeffrey Blanchard,1073.0,278.0
AR-97901-70274,Amanda Ramirez,691.0,140.0
MF-88406-42134,Maria Frank,1176.0,272.0
KH-53531-42749,Kevin Horn,6965.0,1027.0
DD-79269-23308,Dustin Daniels,354.0,76.0
DC-21055-36290,Derrick Cooper,10332.0,1693.0
HS-33263-72641,Heather Smith,7319.0,1432.0
SR-34880-38023,Shawn Reid,244.0,35.0
IF-91089-90753,Ian Fisher,329.0,20.0
GH-74251-38506,Gary Hurley,7969.0,1311.0
MM-96506-44998,Mrs. Cathy Morgan,798.0,186.0
JS-32872-96959,Justin Stewart,6903.0,1004.0
AN-77748-65059,Amber Norman,7292.0,1394.0
BJ-81529-64800,Beth Jackson,24908.0,4991.0
JB-14491-45704,John Baxter,1465.0,297.0
JS-80873-65639,Jennifer Smith,877.0,224.0
DR-88828-72758,David Rogers,771.0,75.0
EE-79059-56009,Elizabeth Espinoza,334.0,83.0
TR-23268-59752,Tracy Rodriguez,1442.0,268.0
RR-10194-82429,Robert Rivera,16856.0,2471.0
LG-80942-75036,Luke Gonzalez,16002.0,2855.0
MZ-64218-45818,Malik Zuniga,9363.0,2400.0
KY-96416-42381,Katherine Young,849.0,159.0
JF-57364-27155,James Flores,10930.0,2871.0
KH-76554-35209,Keith Hogan,13956.0,2218.0
DT-85651-87141,Donna Thomas,702.0,115.0
EP-94165-64325,Eric Powell,522.0,115.0
WO-36983-54812,Wayne Ortiz,1514.0,199.0
KG-32330-86633,Kevin Glenn,653.0,52.0
RH-78059-74988,Robert Harris,1583.0,444.0
AG-53262-73758,Aaron Griffin,2485.0,657.0
JN-49708-66049,Jessica Nelson,712.0,95.0
HB-35936-87243,Heidi Booker,5303.0,1086.0
SB-67989-97357,Stephanie Benson,3872.0,453.0
KB-41833-56481,Karen Berger,6012.0,1073.0
LR-50278-38911,Lori Reyes,344.0,61.0
PM-28185-37993,Perry Moreno,9286.0,1611.0
DV-86049-56071,Deborah Vasquez,3209.0,578.0
CE-22093-70668,Clarence Espinoza,345.0,86.0
JF-69477-36078,Johnathan Fisher,560.0,97.0
AM-40223-66105,Amy Martinez,433.0,94.0
GS-50935-42441,Glenn Smith,912.0,199.0
TD-74064-65068,Teresa Daniels,842.0,165.0
KM-95278-52968,Krystal Meyer,1551.0,161.0
AW-92390-98561,Albert Williams,151.0,44.0
RK-93226-88670,Robert Kennedy,296.0,61.0
HM-92347-92930,Hector Martinez,1095.0,161.0
HB-76248-67880,Heather Baker,9342.0,1522.0
KJ-58513-53178,Katelyn Jordan,13228.0,3146.0
JW-99489-43091,Joel Wilson,3166.0,579.0
AP-67507-62963,Allison Peters,17422.0,3636.0
SS-21197-85863,Samuel Smith,784.0,176.0
JD-64538-17664,Jennifer Dixon,172.0,23.0
NV-29997-54464,Nichole Velazquez,7112.0,1065.0
JW-31173-80559,Johnathan Welch,98.0,28.0
JO-52680-46015,Jesse Owens,1229.0,206.0
KL-71010-23069,Katrina Li,1078.0,253.0
KB-57188-49732,Kevin Bishop,8390.0,1532.0
SC-69767-99009,Sara Crosby,17070.0,2754.0
TD-10275-19534,Tonya Duffy,7278.0,1154.0
DS-31925-30571,David Simmons,447.0,80.0
CH-54143-53840,Carlos Hines,1626.0,371.0
NT-65824-49870,Nathan Taylor,6086.0,1056.0
BJ-95057-87734,Brett Gallegos Jr.,490.0,46.0
PF-94640-23688,Paul Freeman,467.0,96.0
DJ-65955-15394,Danielle Jones,434.0,57.0
DM-21099-44503,Daniel Mcdonald,15417.0,3039.0
SD-80074-57369,Shane Jones DVM,2982.0,432.0
DM-25835-92493,Diane Riley MD,67.0,12.0
CL-82368-45831,Cameron Lin,1065.0,177.0
CR-65934-14800,Cody Russo,841.0,55.0
DM-19671-36378,Diana Moreno,986.0,115.0
KR-19112-17978,Kevin Rogers,11047.0,1892.0
KG-59262-62172,Kristin Greer,2191.0,223.0
JB-53449-54391,Jennifer Booth,886.0,162.0
DF-70742-20466,Dr. Gerald Freeman,16959.0,2733.0
JC-60431-12557,Justin Cobb,65.0,14.0
CR-20910-42576,Christina Rios,17518.0,3878.0
RS-69934-25026,Robert Smith,9044.0,1711.0
TS-58669-49767,Toni Scott,7362.0,1389.0
SH-47275-18032,Samuel Heath,709.0,110.0
CR-27774-67843,Charles Robertson,743.0,123.0
ES-11906-75608,Erin Santos,412.0,107.0
DG-54389-81102,Daniel Gomez,6000.0,879.0
RL-50925-19834,Robert Lopez,1107.0,228.0
RS-51951-93457,Robert Stanley,347.0,36.0
JW-73454-46812,Joshua Williams,284.0,52.0
JE-53294-94653,James English,854.0,215.0
DB-82993-85853,Daniel Baker,9656.0,1693.0
DR-57268-86831,Dale Reynolds,855.0,144.0
GS-26973-95399,Geoffrey Shepard,787.0,216.0
MB-61143-16023,Michele Brewer,10071.0,1773.0
TF-78155-54373,Tony Friedman,8267.0,1747.0
CB-16535-70048,Caitlin Blake,7313.0,1301.0
HW-38126-24737,Heather Wang,835.0,169.0
SM-60050-23840,Sarah Miller,14715.0,1565.0
AS-95408-88848,Alexander Smith,10710.0,1869.0
HK-61578-41920,Heather Kirby,15234.0,1539.0
PM-14204-25732,Peter Russell MD,107.0,23.0
BM-41220-87614,Benjamin Martinez,7932.0,1458.0
KS-75617-81803,Krista Smith,8113.0,1421.0
CH-83240-15445,Cameron Hodge,2851.0,195.0
WR-50942-55696,William Rice,7384.0,1165.0
MP-45568-28630,Michael Pruitt,919.0,142.0
AT-12267-81542,Andrew Thompson,958.0,171.0
JM-38583-95138,Jennifer Mullins,112.0,21.0
RB-71784-47221,Richard Bean,7612.0,1202.0
SP-71295-86676,Shawn Price,73.0,5.0
DJ-66902-26038,Dennis Jenkins,480.0,121.0
DR-76075-58830,Dr. Ashley Reid,315.0,59.0
KC-35510-16135,Katherine Cole,11374.0,2074.0
CR-41161-43746,Christopher Richard,17177.0,3157.0
GR-29083-91341,Gavin Rivas,6101.0,912.0
JR-39675-51365,James Robertson,182.0,19.0
SG-54140-54058,Samuel Gilbert,1036.0,169.0
JP-34250-57514,Jennifer Powers,6428.0,998.0
MP-62334-13637,Melanie Pena,186.0,34.0
JW-70632-17877,Jesse Wright,1591.0,247.0
BW-37584-72691,Beth Weaver,6074.0,1110.0
MV-98688-69716,Max Vargas,386.0,78.0
MP-57801-89170,Mary Pugh,615.0,160.0
JD-11525-18436,Jonathan Dudley DVM,603.0,79.0
JP-38374-14594,Joseph Powell,12483.0,2165.0
VS-37655-52704,Vickie Sutton,1108.0,217.0
SD-19284-52140,Stacey Dawson,1466.0,354.0
TF-91257-87259,Tony Farmer,404.0,90.0
KT-23628-68161,Kayla Torres,19134.0,3442.0
SS-74448-68992,Scott Smith,9245.0,1559.0
KK-89006-74628,Keith Kemp,2320.0,301.0
AD-38036-21978,Ashley Daniel,1153.0,174.0
SM-13509-63944,Samuel Mcclure,262.0,35.0
RL-59077-95094,Rachel Lawrence,227.0,56.0
CP-66226-34506,Chad Preston,415.0,33.0
SW-30936-50045,Shannon Wood,320.0,49.0
HH-82025-66909,Hunter Hopkins,156.0,32.0
JC-59251-29614,James Cook,603.0,63.0
SL-81435-74949,Sylvia Lindsey,288.0,65.0
BS-27282-58092,Bobby Smith,530.0,96.0
MH-65152-40325,Michael Harper,3089.0,666.0
KS-76466-56688,Kevin Salas,10588.0,1719.0
PC-13696-86943,Patty Campbell,8991.0,1562.0
JS-77595-21969,Jillian Saunders,919.0,125.0
LR-56224-29188,Logan Robinson,121.0,13.0
JS-26347-11954,Joshua Scott,272.0,39.0
MS-76238-78561,Melissa Sanchez,7575.0,1329.0
JF-11491-13823,Joshua Flores,643.0,147.0
AL-89545-32232,Adam Lawson,885.0,171.0
DC-61023-10780,Danielle Cruz,332.0,34.0
NP-19633-67820,Nathan Phelps,8020.0,1298.0
CC-32402-53218,Casey Contreras,397.0,65.0
MK-81815-85334,Melinda Kim,7090.0,1108.0
AK-55650-46865,Anthony Kramer,843.0,182.0
JK-37055-74685,Jay Kelly,560.0,41.0
JN-55135-91398,Jonathan Nelson,6817.0,1172.0
RT-98088-36766,Ricky Turner,7995.0,1418.0
DP-85946-11596,Dennis Perez,8741.0,1919.0
MS-31658-27082,Mrs. Kayla Shelton,477.0,109.0
TH-85829-65654,Timothy Hendrix,332.0,47.0
AL-31594-90890,Adam Little,181.0,21.0
CY-60064-44713,Carla Young,254.0,41.0
MR-64057-68050,Megan Ruiz,432.0,59.0
SC-66420-17822,Suzanne Clark,835.0,224.0
DD-62333-31933,David Daniels,1613.0,264.0
CJ-14018-34811,Carolyn Johnson,19673.0,4176.0
KL-45925-48909,Kelly Lee,2155.0,421.0
NS-68278-27954,Nathaniel Schwartz,1016.0,238.0
RM-32058-10873,Rachel Mckenzie,2175.0,362.0
JO-22867-78827,James Owens,8357.0,1408.0
JC-37122-68901,James Clayton,387.0,91.0
KS-78365-21761,Kelly Sanchez,4696.0,821.0
MS-21417-61096,Michael Stewart,10246.0,1729.0
KT-60119-12716,Kevin Thomas,521.0,50.0
DM-75112-53693,David Daniel MD,17842.0,3741.0
DN-26769-62026,Danielle Nixon,10507.0,1849.0
SM-30474-86013,Shawn Mcdaniel,1240.0,193.0
SP-59062-99839,Shannon Poole,12378.0,1855.0
BT-17780-11597,Brian Thompson,349.0,55.0
WH-33881-14183,Wendy Holt,7778.0,1275.0
KK-30035-14655,Kristen King,1209.0,313.0
BS-10440-43639,Blake Salinas,14161.0,2923.0
RJ-77211-28291,Robin Jackson,11811.0,2034.0
DM-44253-42455,Diana Morgan,975.0,166.0
PK-92345-66691,Paul Kelly,605.0,72.0
JH-65205-68259,Joseph Hart,877.0,110.0
BB-29552-78192,Brittany Bennett,60.0,11.0
JG-79680-18397,Joseph Green,11410.0,1860.0
TM-12689-50134,Tracey Maldonado,387.0,90.0
AR-43413-65751,Angela Reilly,88.0,19.0
KS-59990-23797,Kelly Smith,5152.0,888.0
JD-55077-23282,Jeremy Dennis,343.0,31.0
WK-92242-44698,William Kim,1658.0,221.0
MB-66809-73036,Marissa Brandt,497.0,62.0
SG-21541-11068,Stephanie Garrison,8307.0,1346.0
AC-85411-12508,Ashley Cox,678.0,127.0
ER-96933-72971,Emily Roy,11395.0,1820.0
RN-69369-66649,Ryan Nguyen,6357.0,1249.0
TS-73816-45422,Tiffany Smith,804.0,91.0
SG-65135-55065,Savannah Garcia,864.0,107.0
MA-87914-96718,Misty Adams,616.0,76.0
NT-20829-31768,Nicole Tyler,7330.0,1307.0
EB-87947-51127,Eddie Brooks,23974.0,3917.0
RR-75125-31325,Robert Romero,9387.0,1502.0
CG-38526-13292,Cathy Guerra,347.0,78.0
AB-57925-81390,Autumn Butler,20599.0,4185.0
KR-13709-82155,Kari Ramos,1178.0,118.0
PS-64331-90842,Patrick Scott,503.0,113.0
CG-27588-62011,Cody Green,127.0,16.0
CA-49543-93500,Cassandra Ayers,980.0,144.0
MB-92909-88809,Mary Barry,664.0,183.0
LR-85013-42607,Lori Rodgers,1206.0,231.0
BS-49958-88452,Brandon Shaffer,10809.0,1894.0
KC-84058-37893,Kenneth Contreras,1139.0,130.0
JR-51378-65417,John Raymond,894.0,136.0
DG-50887-88339,Dr. Brian Gray,917.0,164.0
PG-70476-17062,Pamela Guerra,9932.0,1597.0
LL-37834-29239,Leslie Lewis,7578.0,1419.0
JC-16956-19675,Jenna Chandler,3120.0,530.0
RD-20120-92092,Rebecca Lopez DVM,1264.0,249.0
LC-88111-25813,Lisa Carter,1016.0,155.0
JC-30041-44353,Jacqueline Cohen,1718.0,479.0
AW-49689-71505,Alexander Walker,1147.0,178.0
CC-70597-33231,Christine Castillo,8492.0,1690.0
CN-35672-89983,Carolyn Nelson,890.0,195.0
TK-85207-66738,Thomas Keller,9785.0,1506.0
JW-46678-63414,John Walker,2467.0,414.0
DO-18214-48659,Donna Owen,1725.0,275.0
JP-53579-32396,Jeffrey Perez,433.0,54.0
MR-25545-55711,Mr. Jackson Russell,189.0,53.0
CR-42209-22676,Charlene Ruiz,10004.0,1689.0
TS-27614-58569,Taylor Simmons,987.0,187.0
DH-44788-12899,Douglas Higgins,16311.0,3026.0
BT-46952-65010,Bob Thomas,19222.0,3418.0
ML-69686-17975,Meghan Lyons,997.0,104.0
LH-78476-30185,Laurie Hill,424.0,89.0
MC-17655-30776,Michael Cervantes,245.0,46.0
JM-72956-18823,Joseph Myers,10817.0,1735.0
PR-90223-55106,Patrick Ramos,20248.0,4014.0
DT-11744-97718,Daniel Thompson,638.0,113.0
FP-34102-61774,Frank Patterson,10490.0,1862.0
MM-25178-92094,Miranda Medina,640.0,120.0
CA-77123-85216,Catherine Abbott,2539.0,578.0
LK-16896-34581,Loretta Kerr,535.0,96.0
RP-33444-23502,Robin Powers,5860.0,974.0
PZ-84995-89187,Paige Zimmerman,481.0,124.0
LJ-58709-18687,Leslie Jones,351.0,53.0
KB-89072-45659,Kelly Bell,288.0,32.0
SJ-14466-86379,Stacey Johnson,5789.0,898.0
JD-57050-12539,Jessica Doyle,1296.0,313.0
JB-52455-18449,Jennifer Baldwin,1050.0,229.0
JH-17323-98769,Jasmine Hall,920.0,151.0
JR-70292-47738,Julian Rodriguez,971.0,183.0
MB-36909-48431,Megan Black,10651.0,2045.0
BG-60449-77302,Brian Gardner,90.0,20.0
SW-19732-92868,Sharon Woods,1581.0,262.0
KR-45035-71515,Kathryn Reid,89.0,22.0
AM-38499-41587,Anthony Martin,1115.0,252.0
AT-16406-87911,Angel Thomas,4648.0,745.0
KH-18596-57029,Karen Hernandez,520.0,34.0
KM-45188-70718,Katherine Morris,12890.0,1782.0
BS-43699-33901,Beverly Santiago,924.0,168.0
KS-45954-14086,Katie Stevens,873.0,125.0
VS-64903-15157,Vanessa Stevens,6296.0,1168.0
KJ-68696-77810,Kelly Johnson,1650.0,284.0
JM-62963-91940,Jeremiah Murphy,790.0,113.0
CS-58708-57319,Cameron Sharp,1422.0,221.0
AR-52605-91126,Ashley Romero,707.0,165.0
GM-44940-89487,Gail Michael,3722.0,794.0
MW-69152-13368,Melanie Wade,6707.0,1060.0
AT-42864-34152,Amanda Turner,264.0,26.0
JW-31078-69595,Jacob Williamson,1184.0,238.0
TJ-72870-44192,Tracy Jackson,1273.0,253.0
TD-94353-94013,Tyler Dawson,3591.0,799.0
CM-24988-20743,Charles Morris,790.0,154.0
TW-29736-12534,Tracy Wright,648.0,143.0
GM-85134-25652,George Walters MD,229.0,44.0
BP-68969-65521,Brenda Parker,17905.0,2488.0
TA-59681-53602,Tracey Anderson,617.0,128.0
PW-94619-98840,Patrick Woodward,13474.0,1781.0
MB-96635-41618,Melissa Barber,1185.0,156.0
TD-69132-65531,Tammie Diaz,1218.0,260.0
SC-99689-28755,Susan Cruz,1207.0,229.0
TM-15410-75567,Tina Mitchell,596.0,46.0
MK-37268-16500,Matthew Kelley,10616.0,1960.0
BJ-80180-66444,Brett Johnson,12701.0,2679.0
JT-32832-85486,John Thompson,9608.0,1808.0
AS-25437-42434,Anthony Schroeder,9785.0,1644.0
DB-31654-18981,Diana Boyle,691.0,96.0
MB-91251-30265,Meredith Benton,18216.0,4140.0
SM-68313-66198,Sally Campos MD,10138.0,1699.0
JA-28508-73825,John Anderson,928.0,210.0
MO-42890-82523,Miranda Olsen,581.0,82.0
KS-28650-29242,Karen Smith,471.0,90.0
RL-49765-11483,Robert Lopez,7237.0,1236.0
CH-77602-18551,Claire Hammond,6536.0,1193.0
AM-63753-97319,Anthony Mclaughlin,119.0,8.0
SR-40042-90166,Shane Rodriguez,266.0,15.0
CB-17408-82920,Catherine Bell,431.0,99.0
DS-92554-95724,Daniel Simmons,221.0,36.0
KG-62897-31651,Kristine Gonzales,1790.0,255.0
CS-52379-53330,Carl Smith,422.0,56.0
KW-84162-11497,Katherine Williams,1056.0,203.0
JG-77388-50303,Jason Griffin,17841.0,2608.0
JF-45557-79539,Jeremy Fernandez,230.0,66.0
EL-47011-86063,Elizabeth Luna,6769.0,1346.0
MS-82140-39026,Mariah Smith,1059.0,208.0
JK-99395-29535,Jenny Krueger,243.0,68.0
RD-11244-63334,Rhonda Robbins DDS,966.0,193.0
SL-56176-30042,Sandra Lopez,574.0,121.0
KN-71629-22660,Karen Nelson,17371.0,3628.0
MW-21013-89505,Michael Welch,9908.0,2111.0
KK-74898-80128,Kelly Kelley,452.0,101.0
CK-26709-96222,Cynthia Kelley,10262.0,1970.0
JR-73324-55838,Jordan Rivera,2285.0,138.0
AL-59318-64000,Alexander Leblanc,905.0,146.0
DH-21608-28710,Deborah Horne,6591.0,1151.0
KJ-58743-97073,Kevin Johnson,5863.0,1019.0
CL-25794-13640,Christopher Lambert,226.0,17.0
JW-75470-76169,John Williams,10166.0,1699.0
AS-41573-35805,Anthony Sanchez,786.0,175.0
JC-53994-89870,James Conley,1130.0,175.0
GG-46310-82790,Gloria Guzman,652.0,124.0
KW-90360-57257,Kimberly Williams,804.0,170.0
TW-41817-46986,Tracy Watkins,999.0,185.0
MY-51505-49611,Monica Young,770.0,148.0
MC-35068-66906,Mr. Bruce Clark,7773.0,1431.0
BG-66759-65727,Brendan Garcia,135.0,15.0
JL-71586-31837,Jared Long,51.0,14.0
MR-22873-53984,Michael Ross,7150.0,1325.0
JG-27243-24097,Jennifer Graham,886.0,198.0
RW-61544-79077,Robert Webb,5204.0,670.0
AR-18917-77088,Anthony Robertson,664.0,192.0
EW-44287-36716,Erin Williamson,10713.0,1850.0
AG-46311-90270,Anthony Garcia,146.0,26.0
HM-28993-96445,Henry Mitchell,19028.0,4651.0
JD-71650-79457,James Donaldson,124.0,26.0
MR-96244-72958,Mary Robertson,6715.0,1211.0
LF-95688-51509,Lisa Fields,256.0,27.0
JK-52813-81578,Joseph Kim,12810.0,2445.0
LM-32347-62370,Lisa Mcguire,19282.0,3778.0
JD-66746-89252,Jacob Douglas,979.0,202.0
BH-60719-74610,Beth Hendricks,691.0,118.0
AR-26025-49762,Alexa Robertson,811.0,165.0
CP-64103-10627,Christopher Payne,453.0,97.0
JB-89109-84413,James Brown,1409.0,178.0
EB-91581-22982,Emily Barnes,699.0,122.0
AF-23803-40178,Angel Flowers,241.0,50.0
TJ-30005-99196,Tammy Jones,813.0,187.0
AL-60222-28473,Allen Lucas,707.0,141.0
KS-56382-72882,Kristie Stewart,1080.0,265.0
NC-66519-94872,Nathaniel Case,12982.0,2001.0
AD-50354-78254,Alexis Davis,344.0,41.0
DH-27374-47590,Diane Hall,6325.0,1237.0
KA-42166-80119,Kim Allen,871.0,227.0
KP-23435-56159,Kimberly Peters,378.0,28.0
JW-54062-22152,Jenna Williams,5716.0,1229.0
MJ-52785-34776,Melanie Jones,695.0,176.0
GA-29406-69487,Gabrielle Anderson,1600.0,246.0
EW-49393-66935,Elaine Weaver,5590.0,1184.0
TM-38191-20793,Theresa Murphy,1831.0,311.0
MM-33988-61714,Melissa Hobbs MD,10578.0,1971.0
MH-50626-30341,Mary Hoover,200.0,14.0
RS-77238-95210,Rebecca Simmons,15681.0,3003.0
KW-71339-70416,Kayla Wilson,777.0,122.0
DF-12729-41621,Daniel Fox,1685.0,217.0
DS-33912-28361,Denise Sharp,852.0,201.0
CM-22471-64208,Connor Mcintyre,2139.0,452.0
JE-44037-96713,Joshua Ewing,1541.0,265.0
CS-28882-75919,Christopher Sanders,4890.0,902.0
AM-19016-59023,Anthony Mason,9728.0,1418.0
DW-36634-41452,Danny Williams,333.0,25.0
TO-93643-71457,Tamara Ortiz,375.0,99.0
SH-34150-85174,Sergio Hopkins,370.0,36.0
CC-16390-59117,Corey Clark,13771.0,2804.0
LP-94799-84017,Lisa Pierce,249.0,44.0
CF-44373-58374,Colin Forbes,617.0,140.0
NJ-44774-40304,Nancy Jones,771.0,80.0
BW-68883-63189,Brian Ward,2094.0,484.0
MR-13171-60108,Melanie Ramos,266.0,24.0
JL-50949-21237,Jonathan Little,229.0,51.0
BS-28508-73178,Benjamin Sanders,1621.0,315.0
LB-87971-47046,Leslie Baker,9761.0,1621.0
PM-95155-62680,Patricia Gonzalez MD,1668.0,325.0
EB-72488-54590,Erin Barnett,679.0,98.0
RD-66730-34944,Rachael Davis,5924.0,891.0
TC-31957-22453,Tonya Cardenas,7632.0,1341.0
SB-99569-53088,Scott Burke,10717.0,2049.0
LG-11861-90344,Laura George,258.0,46.0
BG-45039-63077,Brandi Gibson,407.0,22.0
JW-83259-12854,Jeremy Wallace,10692.0,1903.0
JD-69712-33225,Jennifer Koch DVM,9779.0,2065.0
SM-30037-85192,Sarah Mercado,489.0,58.0
MM-33853-56241,Mrs. Miranda Martinez,8411.0,1522.0
RM-37738-16816,Ricardo Mitchell,16705.0,3844.0
KF-35977-86446,Kevin Fisher,7725.0,1292.0
DC-15096-85426,Donald Costa,531.0,138.0
AH-55128-40306,Aaron Hart,282.0,46.0
LH-69006-84669,Leah Hays,370.0,57.0
RS-86823-94907,Robert Sullivan,1500.0,154.0
SE-34620-41313,Samantha Elliott,7132.0,1594.0
KW-86626-46877,Kevin Watson,873.0,131.0
KM-14731-48731,Keith Morris,19363.0,2965.0
DK-57492-32461,Danielle Kim,666.0,160.0
JB-84344-34704,James Brown,480.0,86.0
MB-57440-14055,Monica Boyd,721.0,153.0
AM-39730-23453,Andre Mcguire,6815.0,1333.0
EE-99901-44849,Eric Edwards,10179.0,2191.0
TR-59588-29905,Timothy Rosario,1686.0,233.0
MH-92659-84989,Michael Harris,6306.0,1225.0
WP-29728-67582,Wayne Wong PhD,872.0,169.0
MW-21626-59997,Miss Brenda Williamson,601.0,91.0
TS-46753-51747,Tasha Sheppard,982.0,165.0
BL-34450-76169,Bobby Lopez,424.0,82.0
HA-44884-17546,Heather Acosta,9790.0,1717.0
KB-22759-29906,Kelsey Beck,193.0,56.0
DS-87837-56869,Dana Stewart,803.0,92.0
LH-84349-38450,Lisa Hawkins,661.0,89.0
KN-67931-40482,Kenneth Neal,313.0,70.0
CJ-47163-93396,Christopher Johnson,85.0,21.0
AH-40528-53053,Adrian Holland,1234.0,228.0
RP-12169-94714,Robert Pitts,765.0,180.0
MS-16918-22582,Mario Scott,25098.0,3402.0
KP-51938-32807,Keith Powell,264.0,29.0
AW-74621-64431,Amanda Warner,9339.0,1541.0
JA-97075-41749,Joshua Alvarez,10974.0,2145.0
CH-91246-96989,Charles Harmon,7519.0,1500.0
MR-49699-13079,Megan Robles,11492.0,2133.0
RC-24972-18928,Rachel Castaneda,8524.0,1952.0
MR-32215-58665,Margaret Ross,7549.0,1476.0
KP-83847-64491,Karen Phillips,9865.0,1535.0
MW-23369-25625,Matthew Wang,21165.0,4783.0
TL-37974-75514,Tracy Lucero,9619.0,1672.0
RS-48906-34096,Regina Scott,10554.0,1564.0
AN-70818-66952,Angela Nguyen,6417.0,1038.0
JJ-34295-37110,Jordan Jensen,867.0,155.0
JR-73536-63487,John Reed,895.0,230.0
JD-84262-56776,Joshua Davis,6687.0,1039.0
AW-38034-87513,Angela Willis,1006.0,118.0
AD-25601-79699,Anna Sharp DVM,489.0,128.0
SM-99209-32318,Stephanie Moon,1261.0,270.0
SL-20976-43220,Steven Leach,1146.0,180.0
LJ-83085-79027,Lori Jackson,248.0,61.0
AM-30229-95676,Antonio Myers,847.0,146.0
EK-68168-90132,Evan Kerr,685.0,111.0
TO-89820-70377,Todd Ortega,161.0,12.0
BB-44944-87438,Brianna Burke,722.0,164.0
BW-26169-75961,Bruce Warren,9102.0,1643.0
MP-31096-95962,Mark Phillips,1216.0,228.0
SP-74338-16766,Scott Powers,777.0,173.0
MC-74122-34710,Mark Carroll,3031.0,750.0
TS-92223-45245,Theodore Smith,7768.0,1462.0
SJ-37471-95500,Scott Taylor Jr.,650.0,93.0
TL-65733-50244,Tristan Lawson,359.0,37.0
RS-21855-53835,Ralph Santos,306.0,44.0
RO-95067-46492,Roger Owens,7517.0,1476.0
AD-83278-24738,Amanda Davis,12746.0,1729.0
LB-38053-26053,Laura Becker,8028.0,1555.0
JF-44136-85606,James Ferguson,1034.0,204.0
AA-12516-36662,Anthony Andrade,12590.0,2303.0
PP-45588-98062,Patrick Parker,1634.0,387.0
RM-13421-63049,Ronnie Morgan,1456.0,234.0
TA-46804-45862,Tiffany Avila,141.0,16.0
MR-86133-79152,Morgan Ramirez,1324.0,167.0
MH-53169-51938,Matthew Hernandez,149.0,34.0
MH-99997-91327,Matthew Hendricks,1639.0,281.0
KC-67607-72774,Kirk Crane,355.0,47.0
EM-93193-85073,Eric Moss,4923.0,752.0
DJ-83990-49053,David Johnson,834.0,130.0
DH-45226-81172,Daniel Harrell,6256.0,1096.0
AJ-93492-88054,April Johnson,21941.0,2952.0
JC-62224-71711,Justin Clark,13086.0,2954.0
SM-24381-15274,Sara Matthews,1285.0,309.0
JL-17302-51183,Jacob Lopez,10842.0,3047.0
CC-31557-20010,Courtney Cunningham,10130.0,1830.0
TW-13204-12219,Tanner Wilson,1412.0,220.0
TB-33769-62207,Tara Baker,147.0,11.0
MS-63524-29900,Mckenzie Salinas,471.0,86.0
MT-18701-41044,Monique Thompson,22581.0,4591.0
SH-49339-58633,Scott Harrington,10624.0,1654.0
MW-43964-55440,Mark Williams,498.0,53.0
AL-19924-54594,Ashley Lopez,7294.0,1332.0
RC-44133-88034,Randall Cook,8405.0,1526.0
CC-97056-89529,Cheryl Clarke,1228.0,137.0
SB-15753-59933,Stephen Bates,695.0,142.0
AD-55401-12432,Alexandra Martinez DDS,350.0,24.0
JH-96071-79566,Johnathan Hernandez,4893.0,781.0
DM-47587-77263,Dr. Michael Mccann,718.0,146.0
JR-59316-31523,Jessica Rice,1650.0,122.0
JR-55246-99059,Jessica Rubio,8408.0,1458.0
JR-24455-20148,Joshua Ramos,4514.0,907.0
AR-28818-71086,Anthony Ramsey,697.0,202.0
SR-60899-57984,Shannon Rose,6551.0,1099.0
JC-28760-54166,Joan Campbell,842.0,170.0
RS-79187-39407,Rachel Schneider,839.0,143.0
NA-59734-99342,Natalie Alexander,275.0,24.0
VW-83668-43973,Victoria Winters,8842.0,1405.0
ET-36609-95594,Elizabeth Taylor,616.0,54.0
JS-75288-26723,John Simmons,10349.0,1853.0
TS-77688-24899,Thomas Sandoval,477.0,88.0
GW-98440-79937,Grace Watkins,7632.0,1387.0
NB-29060-44766,Natalie Bailey,8384.0,1610.0
RO-34004-59917,Richard Owens,7259.0,1338.0
CW-80201-64214,Cassandra White,10226.0,1965.0
MC-94331-76942,Melissa Castillo,7070.0,1108.0
BB-84167-19725,Bruce Brewer,906.0,124.0
JR-18748-65518,Joan Rivera,201.0,42.0
JM-32436-52552,Justin Martin,7122.0,1081.0
EB-91150-31416,Edward Brown,18398.0,3197.0
CC-24629-40493,Christopher Cunningham,7892.0,1375.0
RR-52137-72054,Rachel Reyes,273.0,77.0
EI-74046-55055,Ethan Moore II,2064.0,375.0
CM-88411-21451,Cory Marks,1934.0,188.0
TJ-99404-47796,Tara Johnson,1790.0,317.0
SF-64784-42447,Sarah Freeman,291.0,52.0
DA-97864-65153,David Allen,7035.0,1290.0
CR-48526-85158,Casey Robertson,487.0,56.0
JA-65252-33738,James Aguilar,7522.0,1619.0
MR-60298-55948,Miranda Russell,1467.0,252.0
KL-78027-18678,Krystal Lester,564.0,135.0
DS-85655-20623,Danielle Smith,6999.0,1217.0
KD-80400-20067,Kevin Dorsey,12155.0,2199.0
EP-65366-88691,Emily Patton,626.0,110.0
EM-41125-95313,Emma Mckee,302.0,55.0
ST-71186-84311,Steven Townsend,10335.0,1749.0
DM-11048-42111,Dawn Miller,982.0,183.0
CR-60848-93149,Chelsea Rodgers,7286.0,1224.0
JG-98897-31449,Jennifer Garcia,565.0,50.0
RB-10025-66480,Robin Brooks,182.0,32.0
WS-51342-90863,William Smith,906.0,174.0
MH-52110-47141,Mark Hamilton,936.0,151.0
SH-77236-49246,Sara Henry,1266.0,243.0
TM-36051-79254,Tracey Mccarthy,23005.0,4200.0
CD-62403-61354,Carrie Davidson,212.0,19.0
VE-60493-41074,Virginia Edwards,387.0,71.0
KB-27775-86185,Kristen Brown,1627.0,346.0
SP-21192-14254,Sean Parker,1947.0,294.0
AL-69371-16140,Aaron Levine,9843.0,1846.0
AC-79675-29506,Angela Cunningham,776.0,109.0
SE-95376-15565,Sarah Evans,5604.0,1139.0
TC-62356-93556,Tammy Church,730.0,101.0
LD-92576-72326,Lori David,11183.0,1592.0
MN-35926-63607,Marcus Nunez,14648.0,2141.0
DM-23747-24169,Deborah Miller,6245.0,1032.0
MM-45945-55088,Michael Miller,534.0,122.0
CK-77960-34102,Chloe King,614.0,118.0
DM-60228-14980,David Reed MD,727.0,115.0
HJ-69723-55884,Haley Jones,11901.0,2042.0
JM-68123-84636,Jennifer Murphy,1334.0,209.0
KW-13821-16360,Karen White,10018.0,1913.0
SH-57690-49673,Spencer Hill,103.0,6.0
TD-74433-97647,Tracy Juarez DDS,543.0,115.0
JC-68792-86221,Jennifer Campbell,12075.0,1995.0
KM-24969-38432,Karen Marshall,11634.0,1993.0
MD-36982-16324,Mrs. Christine Dunn,10468.0,1873.0
CS-99565-85618,Casey Scott,982.0,98.0
TW-87715-29819,Thomas Williams,396.0,50.0
WS-54905-23205,Walter Smith,19918.0,3632.0
JT-36245-38138,Julie Tate,8677.0,1457.0
JP-50264-59406,Jeremy Patterson,900.0,207.0
KM-96884-70007,Kenneth Mcpherson,371.0,46.0
SR-32381-82708,Stephanie Rose,9709.0,2217.0
RL-41884-21156,Renee Lewis,1070.0,121.0
KB-99521-11580,Krista Bridges,10840.0,2170.0
EM-29995-71610,Eric Macdonald,718.0,101.0
KS-65386-23172,Kimberly Smith,8533.0,1468.0
JR-35347-48442,Juan Rodriguez,8009.0,1264.0
VS-40005-37089,Vanessa Schultz,7932.0,1504.0
PC-37908-62846,Patrick Casey,477.0,128.0
DG-70895-21896,Debra Griffin,531.0,71.0
TW-63175-97108,Timothy Williams,919.0,209.0
TM-64406-53416,Tyler Martin,15226.0,2314.0
TS-83924-61111,Tabitha Simmons,782.0,146.0
CH-28325-29449,Christy Harrison,1557.0,431.0
KG-90695-52146,Kimberly Garza,628.0,116.0
DM-63229-71829,David Marquez,1169.0,217.0
DB-48838-64338,David Bailey,875.0,149.0
AL-51316-77907,Austin Leon,1673.0,358.0
KM-35914-59088,Kristin Mcdowell,1237.0,145.0
MM-36000-57161,Mrs. Mary Osborne MD,1219.0,169.0
LW-99135-30683,Laurie Wiley,1241.0,209.0
AO-55874-55922,Ashlee Oconnor,5193.0,849.0
BW-66420-83361,Brenda Waters,163.0,48.0
RM-81501-81513,Rachel Murray,478.0,56.0
DD-44056-20926,Dylan Davis,8899.0,1475.0
NM-23061-81858,Nancy Meadows,50.0,5.0
LW-17433-89030,Laura Willis,1318.0,293.0
MH-18630-44585,Megan Ho,1108.0,187.0
DD-95233-43788,Daniel Delacruz,15042.0,2883.0
SL-34257-65477,Sean Larsen,6383.0,873.0
TS-67964-50411,Timothy Smith,12248.0,2427.0
CF-63224-95791,Collin Flores,9351.0,1646.0
BP-92474-25504,Brianna Peters,1765.0,292.0
SP-52820-67100,Samantha Porter,5581.0,943.0
MS-65831-88957,Michelle Sexton,464.0,124.0
MB-89912-53963,Misty Bruce,1597.0,226.0
SJ-76123-28622,Sarah Jones,3389.0,211.0
MS-68790-38676,Mark Soto,187.0,25.0
SG-59500-20776,Stephen Gonzalez,135.0,21.0
NW-99877-72274,Nathan Woods,569.0,58.0
EM-35642-26144,Edward Martinez,581.0,69.0
RT-24831-84796,Rebecca Taylor,8120.0,1356.0
JR-35694-95617,Jamie Ray,549.0,54.0
CJ-68824-78729,Christopher Jones,803.0,169.0
ML-82317-43391,Melissa Lane,520.0,44.0
AE-59464-30374,Amy Espinoza,6471.0,1080.0
JP-94900-45069,Jonathan Pierce,79.0,5.0
CT-74828-36073,Caleb Torres,706.0,124.0
MD-19966-36272,Matthew Dawson,7791.0,1208.0
PM-38387-99773,Philip Moreno,873.0,146.0
BV-49285-13170,Brian Vaughn,60.0,11.0
BM-65998-93286,Brian Moore,1424.0,342.0
MM-51075-46348,Michelle Marshall,622.0,66.0
BG-62146-12382,Brooke Garza,20277.0,3100.0
EC-94369-16139,Elizabeth Coleman,1513.0,278.0
BJ-48166-52708,Brandon Jackson,8263.0,1643.0
LD-41225-15419,Larry Daniels,443.0,73.0
WH-16042-49283,William Holmes,17825.0,2404.0
AK-86238-56343,Alan King,5980.0,1036.0
EW-86143-52548,Edward Wilson,51.0,6.0
CW-56036-94431,Chelsea White,1189.0,272.0
ND-38320-18861,Natalie Dudley,146.0,34.0
CC-24356-84412,Carrie Campbell,1961.0,492.0
AC-50626-63735,Amber Cobb,1523.0,237.0
DF-30057-43742,Darrell Flynn,313.0,90.0
JG-76494-27703,James Graves,1623.0,332.0
BS-19025-77592,Belinda Salas,1521.0,313.0
RS-34354-60771,Russell Smith,3983.0,741.0
KB-82486-52976,Katherine Bishop,394.0,94.0
JJ-62020-75788,Joshua Perez Jr.,1685.0,106.0
LB-44773-74673,Leslie Banks,10541.0,1659.0
BV-49658-20497,Brandon Velez,1183.0,180.0
MM-86292-73220,Michael Miller,293.0,73.0
JW-13665-78178,Jay Williams,19509.0,2667.0
IW-10907-14092,Ian Wu,10730.0,1922.0
KB-90035-50808,Kayla Barber,918.0,224.0
SS-21786-38638,Steven Sullivan,249.0,64.0
BB-73305-11657,Brian Bennett,1177.0,244.0
ER-86299-29266,Elizabeth Ramos,15861.0,2948.0
MW-52965-47138,Mary Wilson,164.0,26.0
CG-71033-50672,Christopher Gill,13165.0,1943.0
MD-90912-36856,Michael Daniels,1007.0,171.0
ZW-54116-74549,Zachary Williams,2177.0,399.0
DL-63885-56178,Derrick Lopez,8170.0,1638.0
JP-71440-97534,Julie Palmer,175.0,46.0
JR-41934-65268,Jerome Rodriguez,3857.0,636.0
AM-33918-91613,Alan Morgan,9253.0,1250.0
CM-94296-23168,Charles Mata,306.0,76.0
DS-19575-22227,David Schaefer,1361.0,183.0
NN-73995-28282,Nicole Newman,6368.0,1287.0
JJ-82778-43443,Jason Jones,6824.0,1210.0
AR-19914-11379,Ariana Rivera,845.0,159.0
DH-62002-66315,David Harvey,434.0,60.0
BM-98483-24497,Benjamin Mccall,321.0,57.0
SM-91837-61504,Stephanie Maxwell,13436.0,2109.0
CG-68075-74754,Christopher Graves,1608.0,284.0
MR-81258-22555,Mitchell Reynolds,20717.0,4203.0
AA-95094-27149,Anthony Arias,673.0,138.0
SB-36927-49400,Sandra Bailey,10531.0,1571.0
KJ-18695-94179,Kimberly Jenkins,1140.0,191.0
JK-61259-96314,Jerry Kennedy,11000.0,1655.0
AT-48354-77371,Anthony Thompson,156.0,10.0
MP-21151-55041,Michael Perry,12218.0,2031.0
MV-70493-14921,Martha Vega,2252.0,430.0
AW-63050-28459,Alyssa Weaver,10667.0,1746.0
CR-69546-73857,Caleb Richmond,1152.0,281.0
LF-55203-41516,Lisa Foster,4019.0,1121.0
HS-53483-29167,Heather Schwartz,13656.0,1671.0
MG-59711-97947,Mark Gill,1616.0,255.0
AL-20099-94180,April Love,3546.0,566.0
LK-33958-50470,Laura Kane,272.0,78.0
SR-17554-38121,Scott Ramirez,14210.0,2666.0
CD-93968-13922,Cody Davis,331.0,46.0
AD-55971-30508,Amy Davis,2937.0,330.0
TP-26938-48664,Travis Peterson,379.0,50.0
MW-24324-77351,Miss Emily Williams,580.0,78.0
PW-90257-74613,Paul Williams,853.0,79.0
JP-29773-19041,Jeff Prince,948.0,112.0
DM-23463-64660,Danny Myers,6984.0,1190.0
RD-27969-77372,Richard Dorsey,1091.0,171.0
SR-52286-43127,Sandra Randall,1937.0,405.0
AB-67186-44773,Alexis Barker,838.0,182.0
CG-17157-34705,Charlene Gonzalez,1486.0,224.0
LW-47383-56131,Lindsey Williams,3075.0,580.0
BF-36840-95669,Bradley Finley,851.0,136.0
JB-42022-33767,Jeffrey Burnett,7641.0,903.0
SB-53074-82713,Sergio Brown,1096.0,97.0
DW-70937-44846,David Waters,12299.0,1698.0
PJ-79724-70208,Paul Johnson,6108.0,1147.0
AF-49487-41680,Austin Fox,916.0,203.0
AH-57526-66012,Amanda Harvey,1181.0,131.0
JJ-40889-88426,Jamie Jones,501.0,117.0
MS-41873-93287,Monica Sweeney,6479.0,1123.0
EN-57043-73095,Eric Nguyen,490.0,61.0
CH-71136-29277,Chelsea Harris,1504.0,192.0
AB-70239-72802,Amy Blanchard,2283.0,584.0
LG-52764-88277,Lori Garcia,816.0,162.0
WC-72401-73635,Wesley Coffey,8600.0,1529.0
MJ-94212-66503,Matthew Johnson,232.0,25.0
DD-39142-74016,Denise Davis,10560.0,1699.0
MS-29105-24361,Michael Sims,143.0,18.0
AR-29296-71285,Andrew Reed,279.0,35.0
DF-80538-85441,Deanna Figueroa,915.0,139.0
NM-47349-32867,Nathaniel Mosley,6954.0,1558.0
KW-58761-35471,Kyle Weber,7771.0,1416.0
JS-48831-70933,Jeffrey Scott,583.0,73.0
OP-32639-45669,Olivia Patel,873.0,111.0
KS-42641-42411,Kimberly Stein,988.0,176.0
JS-10861-70963,Joseph Sanchez,1252.0,206.0
MK-10393-48215,Matthew Kennedy,9975.0,1491.0
ES-70875-58606,Emily Sutton,880.0,96.0
GW-52292-19398,Gary Wilkinson,16200.0,3133.0
ML-99767-89869,Michael Le,154.0,19.0
AA-39506-22062,April Anderson,983.0,165.0
LR-59689-29384,Leslie Ramirez,7736.0,1438.0
MK-49416-99625,Matthew Klein,21297.0,4367.0
WW-14937-43688,Wendy Wood,276.0,47.0
RP-39512-20282,Robin Patterson,462.0,39.0
WB-48423-69388,William Berry,589.0,111.0
EJ-59585-78402,Erica Johnson,1970.0,360.0
MC-58102-98715,Mark Cochran,772.0,100.0
MB-68785-14793,Michael Boyle,5819.0,1073.0
RH-31014-73096,Robert Hernandez,6434.0,1122.0
RR-46402-22436,Ryan Ritter,1147.0,235.0
NH-26662-92923,Nicole Hubbard,4558.0,846.0
PW-41385-71366,Patricia Waters,844.0,180.0
WJ-80712-54895,William Jackson,13726.0,2504.0
JL-80287-31500,Jeffrey Lyons,8721.0,1476.0
JS-82364-31397,James Smith,10609.0,2116.0
TH-30631-58509,Taylor Henry,808.0,137.0
KG-92307-94437,Kyle Gonzales,9346.0,1910.0
KF-88331-92045,Kendra Ferrell,906.0,216.0
RS-81009-73731,Raymond Stewart,457.0,112.0
JR-76692-62843,Jennifer Richardson,713.0,149.0
CG-89717-80618,Cindy Gray,600.0,114.0
TM-77388-45554,Tracey Miller,304.0,58.0
JC-70662-43917,John Cox,365.0,63.0
RP-30405-55062,Richard Padilla,3884.0,657.0
KK-52197-86325,Kathryn Kim,68.0,12.0
BS-76028-62217,Brian Shepherd,373.0,82.0
MP-50178-93770,Mary Padilla,6673.0,1361.0
LC-17627-54716,Lisa Calderon,6337.0,1100.0
BS-44897-86378,Brandy Stone,339.0,72.0
RN-91733-16665,Ryan Nelson,664.0,108.0
JR-28829-73590,John Rodriguez,8856.0,1557.0
JS-72172-97484,Jeffrey Savage,1339.0,216.0
BG-55928-63023,Benjamin Galvan,835.0,119.0
JB-78956-23189,Jessica Brown,11015.0,1761.0
TD-56646-65323,Troy Davies,2906.0,374.0
WB-41170-10033,Wayne Burns,1652.0,176.0
AN-54341-79252,Aaron Nicholson,9386.0,1672.0
NL-58180-38823,Nancy Lin,9569.0,1695.0
AG-93117-19118,Anthony Griffin,23023.0,2503.0
KH-43481-25162,Kathleen Higgins,1384.0,266.0
TG-20308-75769,Tammy Gaines,358.0,59.0
TN-31794-57735,Tiffany Nelson,1481.0,286.0
ZG-94396-32559,Zachary Gray,9841.0,1699.0
WD-21406-50143,William Dixon,1162.0,181.0
SP-51630-94549,Sandra Patton,1009.0,149.0
CW-18326-11211,Carmen Webb,6462.0,1369.0
MP-22764-81266,Michael Pierce,6242.0,1071.0
SH-13586-84576,Sandra Horne,255.0,70.0
DJ-16420-70986,Dennis Jackson,7262.0,1252.0
AB-28008-67731,Andrew Briggs,28244.0,5386.0
CR-22840-96697,Cathy Robles,970.0,181.0
KH-70764-59683,Katrina Hood,4998.0,806.0
CG-35240-37809,Christina Gregory,991.0,166.0
SR-94762-72178,Shirley Rasmussen,1155.0,199.0
JB-92482-58676,Jordan Bryant,11673.0,1881.0
KD-87430-18344,Kathryn Day,12190.0,1861.0
RL-50639-65959,Rachel Lindsey,9057.0,1484.0
MA-48477-23773,Michael Adams,1510.0,345.0
EB-96653-76217,Emily Brown,7272.0,1311.0
JO-45684-90818,Joshua Osborne,5109.0,741.0
DW-12310-22446,Dustin Williams,606.0,102.0
MW-47093-29681,Marissa Walker,16906.0,2688.0
MB-64832-58272,Melissa Blankenship,7478.0,1367.0
GT-33199-83511,Geoffrey Torres,10600.0,2075.0
EM-28524-30309,Erin Marquez,10195.0,1794.0
JM-15447-61944,Jennifer Miller,8694.0,1466.0
CA-60251-13055,Carl Anderson,4022.0,893.0
KA-55485-75658,Kelly Adams,595.0,119.0
RG-56533-54359,Richard Garrett,7511.0,1387.0
HM-55575-57522,Heather Morris,846.0,141.0
LP-15413-82973,Lisa Parker,393.0,64.0
AC-74804-46011,Amy Castro,327.0,85.0
JG-31795-71619,James Garcia,3890.0,935.0
SN-96522-78201,Shelby Nichols,1412.0,212.0
DC-66212-85661,David Collins,249.0,34.0
SH-62937-93173,Scott Hansen,388.0,113.0
TS-87074-81895,Timothy Schmidt,1123.0,224.0
GB-76428-48926,Grant Berg,539.0,51.0
MC-33649-73341,Michael Choi,1325.0,198.0
JR-78620-81350,John Riley,7742.0,1378.0
DB-22789-73469,David Booth,861.0,193.0
CR-20847-78544,Cristian Ross,570.0,99.0
MC-21341-10667,Michael Castro,6269.0,1257.0
SW-87624-25631,Sandra Wagner,926.0,113.0
RW-73448-56167,Rachel Wang,187.0,35.0
AL-85932-67787,Amy Lane,555.0,97.0
JW-94685-48488,Janet Wise,5714.0,1037.0
KM-30660-24560,Kelly Miles MD,1968.0,480.0
BK-19019-39997,Brittany Khan,1141.0,202.0
JP-10204-21702,Jasmine Powell,341.0,68.0
BM-90145-41167,Brian Murray,91.0,17.0
MT-27752-64933,Matthew Thomas,1398.0,119.0
ER-67675-37543,Elizabeth Rocha,3219.0,854.0
IP-78189-32094,Isaac Phillips,814.0,91.0
NB-21680-93101,Natalie Bowen,13799.0,2009.0
SS-22607-18383,Shari Sawyer,884.0,122.0
RW-76558-64649,Robert Watts,2625.0,430.0
JW-90393-77788,Justin Warner,331.0,50.0
JC-17071-94163,James Conley,379.0,31.0
DY-33475-36236,Deborah Yoder,594.0,88.0
SR-27612-81497,Sarah Reid,141.0,34.0
KW-94273-51297,Kaitlin Wilkinson,137.0,20.0
CC-16649-79769,Charles Carter,11501.0,1686.0
DB-67556-27860,David Boyd,8771.0,1512.0
DG-64081-57173,David Garcia,213.0,59.0
AC-35688-76841,Alexandra Cochran,391.0,75.0
DP-16293-53654,David Page,458.0,31.0
ST-15777-24702,Steve Thomas,13261.0,2225.0
DR-49364-80998,Danielle Roy,8312.0,1469.0
JK-11972-31353,Jonathan Kelley,10456.0,1976.0
LS-95613-44037,Latoya Sanders,11065.0,2097.0
SH-17917-63728,Scott Hayes,8111.0,1397.0
KH-33297-63861,Kathryn Hendrix,7022.0,1295.0
RT-87632-12487,Rebecca Turner,11990.0,2079.0
SM-17194-27308,Stacey Mitchell,390.0,29.0
DS-66963-11436,Deborah Serrano,13786.0,2240.0
CN-36274-65308,Carl Nelson,11568.0,2438.0
JH-63466-14256,Joseph Hess,286.0,70.0
AO-43145-47867,Abigail Orr,206.0,53.0
RC-80853-34081,Rebecca Clay,376.0,27.0
EY-51316-12060,Edward Yates,290.0,50.0
SJ-93432-88892,Sonya Jimenez,528.0,104.0
CJ-36967-44364,Christine Johnson,234.0,57.0
EB-19345-64337,Elizabeth Butler,1354.0,144.0
DW-44635-15992,David Wade,282.0,42.0
RE-13100-69227,Rebecca Estrada,864.0,205.0
JR-43237-28176,Jacqueline Robinson,992.0,193.0
JJ-33132-50291,James Johnson,823.0,73.0
TS-18895-84066,Trevor Smith,3373.0,702.0
JL-34255-12302,Jose Long,6846.0,1312.0
MW-26822-66330,Mr. Keith White,11310.0,1936.0
BH-10996-92451,Bryan Hopkins,9448.0,1690.0
GS-79280-36235,George Swanson,573.0,54.0
SP-81899-86410,Sarah Parks,18035.0,2100.0
BJ-33820-23680,Brandon Johnson,659.0,128.0
LR-68752-17734,Laura Reynolds,1603.0,354.0
CC-27998-41233,Christopher Castillo,791.0,180.0
MM-77761-87767,Melissa Mcdonald,9797.0,1558.0
BP-16679-54809,Brenda Parker,8556.0,1417.0
RH-30117-38347,Ricardo Hendricks,883.0,138.0
DG-20159-57467,Daniel Glenn,557.0,37.0
TR-75407-74542,Timothy Reed,7429.0,1309.0
KG-81421-52122,Kenneth Gregory,745.0,103.0
FT-78881-79334,Frederick Turner,744.0,124.0
AF-70783-78268,Angela Foster,7102.0,1170.0
CS-58653-36307,Charles Sexton,212.0,36.0
RA-50521-33045,Richard Allen,994.0,160.0
BW-42185-28728,Belinda Woodard,14052.0,2022.0
JS-96112-92598,Jennifer Sandoval,539.0,62.0
KF-40980-84186,Kayla Farley,564.0,60.0
MM-59850-44560,Mrs. Courtney Pitts MD,461.0,31.0
ND-53951-57947,Natalie Dixon,611.0,123.0
JM-67162-72506,Jeremiah Munoz,6796.0,1337.0
DC-30142-50109,Diana Cohen,9634.0,1623.0
NH-20926-46085,Norman Hamilton,707.0,77.0
SG-14840-78193,Stephanie Graves,1672.0,445.0
JW-31204-13094,Jamie Wilson,736.0,160.0
TM-63234-82210,Tammy Murphy,1282.0,216.0
CM-85068-96292,Colleen Morris,1118.0,230.0
JD-69384-49041,Jenna Daugherty,2423.0,424.0
DL-91111-23195,David Lopez,599.0,80.0
TJ-90256-16375,Theresa Jarvis,8683.0,1472.0
SC-14661-97470,Sierra Carter,151.0,29.0
BK-51322-67062,Brittany Knight,123.0,37.0
SS-26390-46440,Sean Shaw,1218.0,200.0
WS-97293-75907,Willie Salinas,7403.0,1952.0
MD-22413-91623,Mrs. Kelly Davis,452.0,110.0
MH-51505-53430,Marc Hughes,204.0,20.0
JB-31767-43744,Jamie Bond,283.0,39.0
AK-31865-22255,Ann Knight,5971.0,847.0
KM-21898-48976,Kim Mills,310.0,59.0
WO-48464-79801,Wesley Oconnor,5243.0,1143.0
KL-68809-86421,Kevin Lewis,12053.0,1965.0
FW-81237-19821,Francisco Williams,463.0,30.0
SW-43664-96889,Shawn Williams,387.0,53.0
LF-37018-26836,Lee Flynn,12172.0,2027.0
JB-17619-46263,Jacqueline Bishop,457.0,62.0
EW-44807-97733,Elizabeth Webster,374.0,93.0
MB-31135-36427,Michele Bradley,287.0,79.0
DJ-53048-77621,David Johnson,1285.0,313.0
JT-75838-17601,Jamie Taylor,6952.0,1143.0
LH-82118-24010,Logan Holland,281.0,84.0
EM-54786-71615,Erik Mitchell,8051.0,1176.0
DM-92848-28978,David Martin,9316.0,1535.0
PN-39511-57997,Phillip Nelson,1198.0,188.0
DM-45343-98704,Drew Moses,13040.0,2548.0
DH-66359-58415,Dawn Hall,1438.0,275.0
AV-44542-58682,Anna Vasquez,92.0,16.0
JL-82679-36853,John Lucas,226.0,24.0
RH-98141-43184,Richard Hodges,13100.0,1550.0
MT-40472-45295,Megan Torres,548.0,109.0
MR-14767-12826,Michelle Reynolds,1103.0,163.0
BS-46344-71958,Beth Sanchez,254.0,33.0
WF-93431-75945,Wanda Fernandez,10416.0,1737.0
KA-78076-99145,Kevin Anderson,13440.0,2139.0
KH-72267-53213,Kathryn Ho,9840.0,1407.0
RH-21896-73779,Raymond Huynh,2344.0,511.0
JH-25513-75063,Justin Hernandez,5239.0,879.0
AN-88843-72305,Angela Nguyen,12825.0,2155.0
LN-94157-92652,Linda Novak,302.0,38.0
KW-75333-71209,Kimberly Wright,514.0,90.0
LB-97221-95864,Lori Barton,493.0,123.0
TC-53461-97129,Taylor Charles,760.0,131.0
TA-92985-33245,Timothy Ali,393.0,87.0
AJ-13479-32101,Alexandra Jennings,13354.0,2044.0
NW-80343-89219,Nicholas Williams,8320.0,1852.0
LJ-81013-11451,Lisa Jenkins,250.0,13.0
JT-61666-10050,Jacob Tucker,7058.0,1287.0
ED-49130-35743,Eric Dorsey,372.0,36.0
TC-84444-16474,Timothy Cannon,2523.0,491.0
JC-92210-58105,James Choi,5309.0,942.0
BR-93718-48997,Brittany Roberts,851.0,131.0
AF-97145-70480,Aaron Fox,10783.0,1776.0
AS-46797-68284,Andrew Smith,1088.0,157.0
MF-79210-86852,Miguel Fernandez,621.0,102.0
ER-90521-22727,Edward Rivera,8765.0,1580.0
AP-87139-98614,Amy Paul,10474.0,1510.0
LL-83609-36305,Luis Lawrence,1451.0,226.0
MC-47055-15343,Michael Carpenter,274.0,66.0
MN-52115-74613,Michael Newman,1489.0,186.0
JC-59883-80809,Jessica Carpenter,6185.0,593.0
JG-48581-16280,Jennifer Garcia,1300.0,192.0
CC-14782-83884,Crystal Contreras,782.0,166.0
NB-44403-40490,Nichole Baker,10795.0,2080.0
BB-43054-29769,Brittany Brown,8520.0,1594.0
DP-62084-91377,Debbie Perez,1074.0,185.0
LS-49985-89046,Larry Sanchez,1048.0,190.0
MG-49128-59302,Michael Graham,14459.0,1952.0
KT-92040-72526,Katherine Thomas,7930.0,1234.0
JW-87079-21699,John Washington,2619.0,512.0
AB-22604-75111,Allison Brown,4962.0,1139.0
JR-68583-16433,James Reed,400.0,64.0
AP-65879-63004,Andrea Pearson,474.0,80.0
JF-18963-45363,Jesse Floyd,1815.0,258.0
DR-62926-20797,David Reeves,7949.0,1438.0
MM-65693-65417,Monique Moody,6790.0,1038.0
ER-80114-39768,Eric Rodriguez,7796.0,1892.0
JR-22704-17974,Jonathan Reyes,9949.0,1693.0
FR-75713-38389,Frank Rodriguez,1091.0,64.0
CR-25870-54245,Cindy Rosario,1332.0,312.0
MW-19113-71878,Michael Wright,87.0,18.0
AC-74002-34629,Andrew Castro,1762.0,294.0
DC-13875-69200,Daniel Clark,196.0,54.0
JH-12814-91509,Janet Hernandez,27118.0,4502.0
JS-32040-56861,John Schneider,2488.0,315.0
JM-76195-87795,Joseph Miles,6129.0,1029.0
RM-56655-62592,Robert Mcdaniel,8589.0,1432.0
RV-22023-71984,Rachel Valenzuela,691.0,150.0
KW-21848-74358,Kevin White,11827.0,1094.0
SM-14620-59577,Sheila Moore,146.0,13.0
CR-84473-20607,Cameron Ray,10408.0,1901.0
AM-65961-31993,Ashley Moore,696.0,175.0
DR-20277-81796,Debbie Reed,928.0,197.0
RP-47519-77317,Rebecca Parker,6738.0,1101.0
BC-68040-17803,Brooke Coleman,4813.0,987.0
CP-22612-61010,Cheyenne Pruitt,599.0,84.0
PC-21462-97180,Patricia Chung,1094.0,155.0
SM-12769-80681,Shelby Mcdonald,6871.0,1377.0
TM-62099-77379,Thomas Matthews,452.0,124.0
SR-61290-30665,Stanley Rodriguez,8406.0,1506.0
NB-23067-46234,Nicole Barnes,10287.0,1986.0
RB-43707-55137,Robin Bauer,10446.0,1896.0
BD-53067-96657,Brittney Davis,11195.0,1726.0
HL-92306-83108,Hannah Leon,721.0,145.0
DB-48667-39240,Dawn Brown,3964.0,596.0
JM-25589-10483,Justin Mcclure,1554.0,161.0
ZB-44750-47433,Zachary Bailey,3421.0,474.0
TS-99153-28301,Timothy Smith,309.0,71.0
JH-40674-45293,Joshua Horton,1870.0,356.0
CH-28265-70098,Christine Hammond,11548.0,2022.0
TW-75850-92134,Tonya Winters,8105.0,1436.0
KL-94468-31648,Kimberly Love,14142.0,3036.0
AS-57907-79442,Abigail Snow,7659.0,1486.0
HW-58892-33751,Heather Washington,642.0,117.0
LK-41828-95144,Leslie Kidd,8482.0,1312.0
AH-45642-30889,Anthony Hayden,555.0,68.0
JW-51946-58564,Jason Wilson,9749.0,1703.0
CW-35873-91427,Cynthia Williams,9529.0,1357.0
CS-42132-85214,Christopher Sanders,434.0,126.0
KH-49952-87311,Kyle Hill,1270.0,218.0
JW-22453-52363,Johnny Wright,11494.0,1607.0
DM-63283-38552,Daniel Maynard,9130.0,1658.0
AS-70703-66515,Amanda Smith,12985.0,2179.0
DR-37417-30170,Danny Rios,1287.0,313.0
SA-93460-27427,Sarah Andrade,853.0,117.0
HM-91729-86961,Haley Murray,239.0,61.0
TB-60090-20592,Tina Barton,411.0,40.0
JV-62441-11737,Jennifer Velasquez,5619.0,971.0
JC-12356-91864,Javier Cooper,453.0,120.0
JW-71078-16861,Jerry Williams,416.0,90.0
VW-69938-74646,Vanessa Walsh,6921.0,1142.0
MJ-15282-65409,Mrs. Jessica Johnson,1445.0,244.0
MD-78022-59139,Mr. James Dalton,3855.0,1049.0
BB-48954-56259,Benjamin Brown,1463.0,230.0
JC-67978-35534,John Carlson,217.0,14.0
KJ-31714-59838,Katherine Jimenez,9557.0,1503.0
MG-50803-78418,Michael Garcia,8665.0,1592.0
JT-92248-89924,Juan Tran,9625.0,1712.0
KM-14906-67054,Karen Moran,822.0,161.0
MB-47640-59670,Michelle Bartlett,985.0,170.0
AC-54910-15285,Ariel Campbell,595.0,91.0
KR-11517-55696,Kimberly Robles,4942.0,930.0
LM-71036-30741,Lisa Mccarthy,8249.0,1863.0
RS-98604-40037,Rachel Sexton,99.0,28.0
CS-60580-58930,Christine Sandoval,545.0,122.0
JC-88849-63194,Joseph Cummings,571.0,93.0
MW-94316-42865,Michael Williams,1040.0,289.0
MA-20829-73035,Michelle Ayala,678.0,111.0
LP-84221-84451,Linda Perry,10028.0,1613.0
JK-39594-84433,James Kane,9174.0,2264.0
JS-47223-59730,John Shaw,8442.0,1627.0
RL-62308-15081,Rebecca Lewis,895.0,193.0
TM-45428-66082,Tina Morris,854.0,188.0
MJ-34913-26295,Michael Johnson,8585.0,1432.0
EE-26534-87028,Eric Edwards,8045.0,1142.0
JL-68278-94431,Joshua Lewis,4629.0,788.0
KG-20509-53924,Kevin Gonzales,18335.0,3107.0
AH-88317-75094,Alexis Hall,430.0,50.0
SM-98153-44295,Susan Mitchell,689.0,85.0
HL-82621-15727,Heather Lane,1734.0,205.0
DB-37159-17875,Dennis Brown,10979.0,1950.0
LJ-87945-81972,Lori Jones,2666.0,389.0
AS-15520-38837,Angela Smith,4600.0,700.0
GM-72594-35798,Gerald Mahoney,350.0,18.0
VM-27837-68284,Victoria Moore,17305.0,3549.0
MP-85974-51598,Michelle Patterson,606.0,160.0
JG-43180-63507,Jacob Galloway,5684.0,785.0
AL-67319-31785,Aimee Lee,7072.0,1088.0
TA-71219-36485,Teresa Abbott,674.0,151.0
NH-15997-32552,Nicole Henderson,4672.0,846.0
JH-39063-80222,Jordan Hurley,685.0,144.0
SD-39238-45479,Sara Davis,1655.0,345.0
MP-79771-53812,Mr. Zachary Bowman PhD,1024.0,121.0
HG-87368-43236,Hannah Glover,442.0,117.0
PM-24542-68332,Pamela Martin,17518.0,4135.0
EW-69591-40659,Erik White,173.0,45.0
WG-66025-12933,William Galloway,12269.0,2530.0
KC-79787-71003,Karen Castillo,14675.0,2841.0
SR-82241-83572,Samantha Rogers,154.0,33.0
PD-26424-36364,Paula Dalton,477.0,56.0
CS-60731-85411,Christopher Sparks,10461.0,1690.0
JJ-15347-45837,Julia James,935.0,84.0
PM-77288-77322,Pamela Mccall,9666.0,1624.0
PJ-52747-11504,Paige Jackson,113.0,29.0
JG-33837-79866,Justin Greene,406.0,70.0
AA-89314-34914,Amy Adams,8803.0,1702.0
DL-50174-41831,Debra Lynch,9418.0,1589.0
AE-11434-56276,Ashlee Evans,1419.0,170.0
KW-41422-87124,Krista White,7590.0,1202.0
TG-91731-55290,Trevor Gonzales,2166.0,297.0
JF-72867-95874,Joshua Fisher,9329.0,1607.0
JS-49170-86018,Jordan Swanson,8097.0,1472.0
MH-24781-79876,Mike Hayden,98.0,18.0
SA-20557-63779,Scott Adams,923.0,192.0
MR-24075-31747,Melvin Richardson,4156.0,726.0
DD-22272-31647,Deborah Davis,8642.0,1669.0
RM-71641-67003,Rachel Moore,61.0,17.0
RB-56437-92397,Ryan Brown,7334.0,1522.0
JL-59485-95144,Jennifer Lopez,10993.0,2136.0
JC-54307-53848,Justin Carroll,11018.0,1748.0
EG-63457-82584,Erin Gentry,329.0,76.0
IL-18493-53039,Isaac Lyons,114.0,9.0
MW-72339-81967,Mary Williams,6764.0,1007.0
JW-43949-82597,Julia Wall,814.0,157.0
MD-69742-49830,Maria Kane DDS,492.0,37.0
MJ-65761-53206,Melissa Johnson,7964.0,1471.0
JB-75728-47458,Jeremy Bryant,8065.0,1500.0
MS-69134-71358,Molly Stafford,959.0,146.0
CL-19765-15457,Curtis Lutz,376.0,88.0
SS-67911-99325,Sean Smith,743.0,130.0
WG-27221-80371,William Garcia,7635.0,1376.0
ME-71371-83386,Mr. Rodney Evans,8643.0,1337.0
TC-25132-63966,Troy Clark,9019.0,1784.0
RP-12397-90015,Robert Payne,1043.0,258.0
MS-62015-94410,Matthew Smith,4066.0,747.0
SR-47948-32537,Sarah Robinson,6862.0,1320.0
AD-14175-50331,Andrew Diaz,10471.0,1707.0
FG-90739-35466,Francisco Gray,247.0,32.0
KG-44499-74729,Kenneth Gonzalez,1383.0,226.0
JB-49978-45342,Jennifer Brown,818.0,187.0
MR-95004-79465,Monique Rasmussen,960.0,194.0
LB-71114-46153,Larry Butler,254.0,58.0
MC-79274-22768,Mr. Jose Chan,1445.0,197.0
MG-52005-45946,Matthew Gibson,9759.0,1508.0
KA-22510-75482,Kelly Anderson,10821.0,1994.0
MH-84948-90001,Madeline Herrera,618.0,163.0
RM-34072-31806,Richard Murphy,487.0,64.0
SW-51446-12249,Samantha Woods,222.0,11.0
JG-58597-77600,Jay Garcia,7493.0,1222.0
RB-18904-42471,Robert Brown,21431.0,3717.0
TT-61212-79259,Timothy Taylor,395.0,51.0
EB-21244-86663,Ebony Barrett,441.0,123.0
JR-78902-74423,John Romero,7723.0,1463.0
JR-55055-36729,Jose Ramirez,864.0,139.0
RM-60986-25876,Raymond Marshall,2290.0,420.0
MS-83231-91265,Madison Sanford,494.0,83.0
CC-57862-68392,Cassandra Cross,15115.0,2835.0
DJ-37338-10088,Dr. Dustin Johnson Jr.,1368.0,305.0
JM-47723-87312,Jean Mcdaniel,5107.0,660.0
TN-17993-49670,Taylor Nelson,9590.0,1721.0
DJ-75046-67662,David Jones,321.0,40.0
DO-55220-19512,David Olsen,869.0,131.0
MD-19860-48706,Mary Armstrong DDS,777.0,70.0
RK-16202-42675,Richard Knight,13784.0,2245.0
AN-80128-25000,Alexandra Nguyen,11728.0,2541.0
JF-62610-69303,Jessica Fisher,18070.0,2188.0
GL-23979-77232,Gina Logan,651.0,63.0
PS-44883-29727,Patrick Stone,1098.0,188.0
JW-66761-26741,Jimmy Williams,2282.0,397.0
TR-20197-49518,Taylor Roberts,381.0,81.0
BR-62520-25734,Brittany Robinson,675.0,83.0
DD-10441-44883,Dr. Christian Bautista DDS,5893.0,999.0
JS-71997-43442,Jesse Smith,2451.0,316.0
KS-57828-40095,Kristen Sutton,730.0,147.0
AM-59663-40874,Anna Morgan,484.0,53.0
MJ-30715-86594,Mrs. Colleen Jones,5783.0,957.0
CC-20856-17313,Cody Cox,8662.0,1580.0
JG-71269-56683,Jeffrey Garza,921.0,173.0
AA-90070-47133,Amy Allen,11590.0,1667.0
MJ-41307-29234,Micheal Jackson,1092.0,266.0
LJ-60633-84331,Lisa Jackson,10490.0,1822.0
JP-31297-80482,Jeanette Parsons,6721.0,919.0
JB-92832-50489,Jacob Brown,366.0,61.0
AF-53825-39230,Abigail Farley,531.0,125.0
BN-63799-25901,Brian Nguyen,8469.0,1630.0
ER-67100-64742,Edward Rodriguez,2960.0,466.0
TM-47528-31460,Tiffany Morgan,1000.0,153.0
CB-25879-61700,Cindy Baker,17445.0,3816.0
JW-48441-83195,Jacob Wilson,371.0,47.0
AW-12542-95135,Alisha Williams,1974.0,381.0
AT-89317-71064,Andrew Turner,9595.0,1418.0
MC-93340-96539,Marie Castro,156.0,20.0
TB-24317-92665,Trevor Barrera,10710.0,1865.0
JD-96087-34634,Jennifer Davis,1365.0,272.0
MC-29194-12427,Melissa Clark,10167.0,1917.0
KC-56870-24346,Kevin Carter,1270.0,116.0
BH-19437-35235,Bernard Hurst,218.0,62.0
SB-49150-58200,Susan Bailey,6826.0,1244.0
IC-97794-18307,Ian Campbell,657.0,81.0
RJ-89296-94216,Robin Jones,472.0,100.0
KC-28184-41608,Kyle Curtis,539.0,109.0
RW-95289-50982,Robin Wright,8030.0,1390.0
SW-81883-84197,Stephen Williams,526.0,46.0
RJ-61404-29502,Russell Jimenez,16244.0,3053.0
JH-86009-23217,Jasmine Hicks,24194.0,3159.0
JN-65906-65871,Justin Norman,2668.0,425.0
KB-99925-95628,Kristy Barrett,457.0,135.0
MN-79460-37190,Mercedes Nguyen,13731.0,2934.0
RR-24808-85105,Rachel Ramirez,366.0,103.0
RD-68809-33608,Rodney Dean,1504.0,396.0
GD-38034-88937,Gloria Dominguez,6383.0,1030.0
KH-51683-83777,Kenneth Holt,635.0,125.0
MM-84323-35029,Mariah Merritt,12473.0,2317.0
DH-62302-12674,Dylan Herrera,4547.0,766.0
MC-39301-23668,Mr. Oscar Charles,6487.0,1312.0
TH-24388-29241,Theresa Harrington,144.0,8.0
BJ-55998-92334,Barbara Jackson,497.0,27.0
PB-66968-44088,Phillip Barrett,9134.0,1976.0
JW-57644-67027,Jill Wood,742.0,97.0
JM-34139-55885,John Mcbride,579.0,40.0
JK-21147-86975,Jonathan Koch,486.0,134.0
JD-41924-42995,Johnny Dixon,10159.0,1840.0
CL-17332-56550,Clayton Landry,16403.0,3588.0
JL-14660-21871,Jennifer Love,9207.0,1800.0
LL-33678-54199,Laura Lopez,3650.0,560.0
JB-92151-98180,Joshua Barnett,86.0,4.0
JJ-84597-73336,Jacqueline Johnson,10356.0,2041.0
MG-41556-85669,Margaret Gilbert,296.0,70.0
IB-60679-15784,Isabel Brady,1543.0,184.0
MR-56821-77731,Mr. Shane Robinson,7037.0,1001.0
MO-22418-33554,Martin Oliver,2705.0,430.0
BC-47130-74843,Brian Clark,877.0,162.0
JS-13367-84396,Justin Shaw,1007.0,173.0
HL-49162-64719,Heidi Lopez,10656.0,1824.0
GW-75379-72686,Glenn Wilkerson,53.0,7.0
LS-44977-65785,Leah Schultz,1079.0,125.0
BM-79852-43907,Brenda Mcfarland,14819.0,2799.0
LH-61523-28006,Larry Hart,961.0,95.0
SA-46248-17168,Sean Abbott,6703.0,1108.0
KD-28999-68782,Katelyn Hunter DDS,8356.0,1552.0
DF-93578-35042,Diane Farley,1369.0,229.0
DS-78854-13198,Daniel Smith,21746.0,3326.0
CM-42964-40590,Christie Mason,75.0,17.0
AN-65036-34713,Anne Nash,11190.0,1988.0
NB-73393-83169,Nathan Ballard,596.0,100.0
JB-19468-97984,Judy Butler,8795.0,595.0
AR-91470-70276,Alexis Ramirez,802.0,193.0
JH-35390-82496,James Hamilton,865.0,170.0
RB-41472-35862,Richard Brown,11123.0,2789.0
MJ-59701-65660,Michael Jackson,7372.0,1140.0
VF-13613-15486,Victor Fuller,23445.0,3379.0
BS-69755-86221,Brandon Smith,10611.0,1971.0
GS-48394-51443,Gabriel Sims,251.0,16.0
CD-18673-42483,Cassandra Davis,1789.0,274.0
AD-54621-73816,Amanda Daniel,8191.0,1347.0
JW-14781-60670,Julie Welch,994.0,69.0
MC-71553-11823,Mary Casey,6995.0,1420.0
SR-79371-90423,Spencer Reid,1180.0,270.0
SS-11175-65402,Stephen Smith,2954.0,506.0
TW-51023-85279,Timothy Whitney,852.0,154.0
MS-37071-89705,Mark Smith,9272.0,1244.0
BE-47303-26244,Bradley Elliott,8763.0,1297.0
BD-26370-38738,Brittney Davis,13285.0,1604.0
CB-94517-10809,Cassandra Boyd,9160.0,1423.0
MC-14522-50675,Michael Cook,489.0,140.0
LH-14768-87242,Lauren Hoover,664.0,163.0
DL-15634-66095,Deanna Lawrence,13331.0,3047.0
TM-13512-49933,Tara Mitchell,800.0,237.0
SR-95189-53659,Sean Rivera,9758.0,1662.0
SS-25256-50777,Stephanie Smith,6885.0,1062.0
JH-89734-78434,Jeffrey Henderson,371.0,100.0
JT-37527-28123,Jesus Tate,8119.0,1586.0
CG-13908-44483,Cindy Gillespie,10021.0,1862.0
PG-58760-92306,Peter Gordon,11480.0,2093.0
AG-98149-78129,Amanda Garcia,849.0,211.0
SW-78318-39588,Sabrina Werner,8080.0,1295.0
SB-76283-45712,Shawn Barrera,980.0,189.0
WK-93586-17640,William Klein,393.0,21.0
RG-82075-39607,Ruben Gilbert,757.0,105.0
NI-27812-50027,Nicholas Kelly II,6437.0,1113.0
CR-15718-82552,Clinton Rose,326.0,36.0
RS-63628-95295,Rebecca Schmidt,578.0,134.0
BB-66051-48828,Brian Brooks,790.0,94.0
NB-72046-27430,Nicole Bentley,1534.0,329.0
MR-93608-89170,Miranda Robinson,7202.0,1274.0
HG-77221-36350,Hailey Gonzalez,371.0,43.0
MB-17372-76267,Michael Burton,1346.0,234.0
MC-58997-73332,Mary Carson,599.0,113.0
MR-52905-81968,Matthew Reed,5303.0,953.0
PR-20933-59015,Peter Romero,1079.0,165.0
BM-56136-75784,Brianna Fleming MD,2524.0,316.0
RJ-43781-10798,Robert Jordan,413.0,46.0
CC-91341-21112,Christian Camacho,2088.0,477.0
WA-95960-27981,Willie Aguirre,155.0,35.0
BG-98445-22065,Brent Gonzales,331.0,90.0
BR-25028-23023,Brandon Rivera,2997.0,437.0
MD-46710-42349,Mrs. Lisa Davis,426.0,21.0
JD-92768-47263,Jennifer Duncan,14763.0,3084.0
DT-80855-29636,Dawn Torres,639.0,181.0
AR-83394-30787,Alejandro Rodriguez,5696.0,935.0
JM-31632-39830,Joel Mccarthy,6868.0,1150.0
MH-34160-66908,Michael Herrera,750.0,130.0
SL-97004-42104,Susan Lee,286.0,51.0
JC-92380-95989,Jason Cooper,115.0,18.0
JJ-52055-82507,Joy Jackson,2894.0,404.0
DW-61656-48694,Darrell Weeks,920.0,128.0
RR-52186-72870,Robert Rich,2114.0,412.0
EF-82133-64486,Erin Fisher,884.0,130.0
KC-45382-91242,Kimberly Colon,10115.0,1903.0
MJ-23483-41792,Michael Jones,18125.0,3741.0
JW-57371-77311,Jaime Williams,11377.0,1733.0
DJ-53499-45752,David Johnson,2597.0,575.0
NW-56562-44450,Nicole Watson,632.0,83.0
BW-75907-31796,Brent White,3076.0,743.0
DH-96015-16433,Deborah Hoffman,778.0,144.0
MP-43759-56425,Mckenzie Paul,720.0,148.0
TT-58416-25825,Tracy Taylor,8555.0,1445.0
JJ-98176-76071,Jennifer Jones,7790.0,1280.0
RM-85603-87462,Rhonda Mckinney,7086.0,1171.0
CS-77061-55092,Christopher Sherman,494.0,80.0
MS-21736-85697,Marilyn Smith,1521.0,299.0
TF-38160-99779,Timothy Fuller,674.0,130.0
MJ-92871-14302,Mark Johnston,1583.0,340.0
DG-89287-79571,Dana Graham,462.0,86.0
SH-69024-22510,Sergio Hernandez,600.0,90.0
KF-18700-48652,Kimberly Flores,263.0,18.0
JD-40537-68232,Joshua Decker,982.0,209.0
CR-12533-92959,Christine Rodriguez,17692.0,3126.0
RR-30171-18800,Robert Reed,284.0,41.0
LS-97728-72712,Lisa Stuart,1971.0,295.0
JK-11956-33594,Jill Kim,16398.0,3151.0
CG-96706-24181,Collin Greer,792.0,153.0
KR-70781-31406,Katrina Robinson,8289.0,1603.0
KW-34764-61607,Kimberly White,580.0,100.0
KB-32575-69547,Kyle Baxter,1459.0,203.0
KC-95384-64418,Kimberly Carter,6074.0,1239.0
MB-79528-32236,Martin Butler,1483.0,381.0
AC-85864-30556,Ariel Castaneda,8502.0,1386.0
CR-61676-59330,Christine Ross,224.0,37.0
JT-71950-16085,Joseph Terry,8396.0,1590.0
AG-96641-58364,Adam Gregory,435.0,84.0
DJ-59041-43493,Danielle Jones,7474.0,1395.0
TK-69765-44917,Timothy King,9189.0,1518.0
DD-12715-10621,Dr. Cindy Dawson,6119.0,1053.0
SD-44074-28664,Sarah Douglas,1619.0,257.0
CQ-87761-76887,Cory Quinn,1604.0,109.0
SH-21787-92657,Sandra Howard,584.0,73.0
CH-36839-80163,Charles Harris,10438.0,2250.0
DV-64580-60632,Dale Valencia,890.0,124.0
RW-13780-69218,Russell Wilkinson,13214.0,2530.0
JG-65119-17762,Jeff Grant,255.0,24.0
DT-90052-76160,Douglas Thompson,10146.0,1751.0
LC-64489-60823,Lacey Callahan,10387.0,1848.0
RW-60127-72635,Raymond White,4151.0,605.0
PR-24643-86049,Penny Rodriguez,448.0,95.0
LM-70715-91384,Laura Mckenzie,9141.0,1718.0
GW-91760-82773,Gregory Walsh,595.0,93.0
KB-98360-98236,Kimberly Burgess,1020.0,201.0
TG-67489-44577,Tina Graves,9590.0,1572.0
MC-60233-27520,Mrs. Deborah Chambers,6346.0,973.0
JT-60049-18498,John Tucker,934.0,188.0
MM-36566-93203,Michael Miller,15576.0,2000.0
AR-50830-90147,Andrew Richardson,776.0,121.0
JB-23492-98778,Johnny Barry,763.0,150.0
VP-79745-74147,Vanessa Patterson,2024.0,356.0
LM-61398-88351,Laura Moore,606.0,117.0
CS-84919-89092,Christine Sampson,1425.0,284.0
CH-53689-25067,Christine Howe,227.0,36.0
TP-92598-48321,Tom Poole,1386.0,179.0
MD-70922-71899,Maria Dyer,435.0,118.0
EC-66558-37011,Eddie Cooper,134.0,36.0
EN-16320-35022,Emily Nguyen,5864.0,1188.0
TM-66713-70160,Thomas Murray,1108.0,106.0
CH-29777-19145,Christina Hebert,6682.0,1337.0
TK-77404-21224,Troy King,949.0,160.0
JP-54389-50928,John Perry,7989.0,1364.0
JW-81235-95102,Joshua Williams,486.0,131.0
MW-86582-99490,Mrs. Cynthia Williams,880.0,181.0
GM-19904-26136,Gerald Marquez,190.0,47.0
MM-17522-16990,Madison Miller,860.0,196.0
JD-75127-82586,Jacob Day,25312.0,4993.0
RP-59155-26212,Robert Powell,8381.0,1368.0
CK-58888-79222,Cory King,1350.0,259.0
AA-69941-68005,Ashley Adams,747.0,87.0
TB-43284-61503,Travis Bennett,15529.0,2644.0
MB-17076-64347,Ms. Kristi Beck,12143.0,2329.0
TS-99542-25638,Teresa Stanley,12664.0,2575.0
RC-40190-85403,Roger Crawford,17493.0,2932.0
MH-36850-77742,Matthew Hanson,14557.0,2365.0
AN-82659-85128,Ashley Novak,1187.0,264.0
YL-31508-91425,Yolanda Lopez,7062.0,1193.0
SL-77423-84641,Samantha Lawrence,1064.0,227.0
JB-19085-50151,Jocelyn Bailey,220.0,55.0
KB-29535-57281,Kyle Brown,121.0,10.0
RT-73436-24387,Rebecca Taylor,714.0,179.0
LR-61475-41221,Linda Ramsey,672.0,154.0
DP-26245-32511,David Pierce,1408.0,315.0
KS-83590-33961,Keith Saunders,520.0,147.0
GK-62568-65622,Gloria Knox,441.0,52.0
JT-33685-86297,Joan Tucker,873.0,180.0
DM-41466-36890,Dawn Martinez,1638.0,203.0
BD-79851-76004,Barbara Dunn DDS,2789.0,633.0
DL-25952-55676,David Lozano,767.0,154.0
LP-50669-98759,Lindsay Phillips,8028.0,1128.0
RW-71963-90053,Robert Wagner,1964.0,349.0
PS-93561-47089,Perry Swanson,588.0,101.0
LP-11034-83554,Logan Pena,2305.0,446.0
SJ-59999-94957,Steven Jefferson,470.0,86.0
AJ-71206-77364,Amanda Jones,375.0,83.0
BK-15321-54858,Barry Kennedy,266.0,29.0
MR-83055-61202,Manuel Robbins,9906.0,1959.0
KS-62828-90774,Katherine Sullivan,136.0,20.0
AJ-20838-81939,Aaron Jackson,200.0,22.0
JW-74814-77675,Jennifer Wong,7506.0,1383.0
EW-51317-48871,Ellen Wolfe,993.0,188.0
RC-14368-90717,Ryan Clark,650.0,131.0
DD-66284-24796,Darlene Davis,8308.0,1526.0
SL-69492-10682,Stephanie Logan,22844.0,4691.0
SW-16809-16100,Samantha Wilson,6510.0,1084.0
MS-26668-41466,Melissa Stewart,1064.0,167.0
JS-78171-53356,Jeremy Spencer,431.0,107.0
JS-74623-50319,John Sellers,8695.0,1298.0
AR-54616-18129,Adrian Riley,738.0,124.0
EM-82950-70495,Elizabeth Miller,1509.0,310.0
GH-39039-53626,Gabriel Hernandez,688.0,98.0
BS-23985-97024,Brianna Schmidt,1065.0,153.0
VD-21282-27769,Valerie Burgess DVM,500.0,57.0
PO-70441-48773,Pamela Owens,256.0,45.0
SH-34540-17753,Susan Howard,822.0,142.0
DR-52343-66250,Dawn Reynolds,8721.0,1481.0
BM-55719-26245,Brian Morgan,1306.0,257.0
JP-29701-33671,Jason Preston,217.0,54.0
SF-40358-89607,Stacey Fields,13671.0,2270.0
JG-30794-36710,Jessica Green,762.0,60.0
SB-10111-28787,Shaun Brewer,7946.0,1554.0
MM-96570-89542,Mary Montoya,1939.0,380.0
WG-31735-49977,William Goodwin,1323.0,235.0
RH-49973-38386,Ricky Harrison,473.0,69.0
HC-36292-60583,Heather Cook,68.0,10.0
NH-32343-54685,Nicole Higgins,1689.0,398.0
DC-97651-45358,Dawn Cantrell,1341.0,252.0
DN-47991-76734,David Nelson,579.0,61.0
SC-51614-66661,Sharon Carroll,11190.0,2023.0
JW-54289-66953,Jacqueline Williams,6765.0,1269.0
MB-56032-15726,Michael Barnett,8982.0,1788.0
MD-40363-13959,Mike Dunn,12313.0,2137.0
RJ-47686-48317,Ronald Jones,1293.0,268.0
JP-42953-70197,Jared Park,8163.0,1239.0
CM-36189-64793,Christina Marks,11112.0,2118.0
AS-93842-48687,Amanda Simmons,12267.0,2269.0
LS-95116-52637,Louis Smith,9396.0,1827.0
NB-37844-29672,Nicholas Burke,310.0,74.0
KD-84654-99931,Kristen Davis,7610.0,1350.0
JH-82541-51141,Joshua Hernandez,213.0,44.0
MK-84547-65030,Michelle Kirby,9886.0,1729.0
JS-60621-46541,Jenny Simmons,1040.0,145.0
DK-19234-49079,David Khan,353.0,76.0
BS-73324-87573,Barbara Stevens,1183.0,206.0
LW-20663-57435,Lauren Williamson,9802.0,1639.0
AW-23360-42920,Ashley Wilson,802.0,117.0
RO-90132-98044,Raymond Oliver,918.0,193.0
BT-53945-42257,Brianna Taylor,357.0,54.0
JM-57542-92820,Joshua May,780.0,55.0
LH-50102-78667,Linda Huber,10875.0,1684.0
MG-14271-73951,Meredith Gomez,659.0,141.0
LG-90899-33706,Leah Gonzalez,128.0,9.0
VJ-59000-65084,Valerie Juarez,3006.0,812.0
MG-73888-62524,Martin Gonzalez,792.0,132.0
CS-60671-30827,Cole Sanchez,475.0,83.0
JW-76361-71395,John White,920.0,114.0
EM-17729-90709,Evan Mayo,5563.0,1196.0
IV-44702-63811,Ian Vasquez,5712.0,1088.0
TT-95677-45237,Tom Taylor,211.0,25.0
CB-61844-96371,Craig Bell,162.0,44.0
MB-71391-41281,Mr. Charles Brown,298.0,84.0
GH-56462-99789,Gwendolyn Hartman,7042.0,1321.0
MH-14014-98334,Mary Harrison,544.0,51.0
VM-41832-48521,Valerie Myers,10335.0,2059.0
RM-38557-39076,Rebecca Murillo,7548.0,1101.0
LD-88964-35716,Laura Dillon,15096.0,2096.0
BT-27254-66358,Betty Tapia,989.0,166.0
ST-93837-87094,Samantha Torres,891.0,202.0
SB-58733-52601,Spencer Brown,10976.0,2658.0
RR-41481-53941,Ruben Reynolds,57.0,5.0
MM-52674-43944,Megan Miller,703.0,178.0
AS-72444-62716,Amy Soto,1025.0,223.0
JW-35050-25186,Jessica White,1356.0,228.0
DH-80511-27469,Donna Hawkins,473.0,58.0
CR-46423-40691,Caroline Rodriguez,8037.0,1102.0
TC-61553-48595,Tina Cortez,1319.0,265.0
MA-86269-12801,Mr. Manuel Anderson,13212.0,2101.0
KJ-56840-92216,Kenneth Jennings,847.0,78.0
AJ-92962-76580,Ashley Johnson,477.0,27.0
JL-94900-91866,Janet Long,218.0,31.0
TG-58766-93384,Todd Gonzalez,17325.0,2793.0
RS-43214-89082,Renee Singh,491.0,84.0
AC-58205-37364,Angela Collins,1253.0,164.0
DM-31127-22614,Dr. Tara Mason,888.0,226.0
SH-15971-84341,Stacey Hernandez,15998.0,3397.0
CC-54837-19128,Corey Cummings,569.0,83.0
JM-43801-44743,Jennifer Mercer,15245.0,2869.0
BD-88693-31417,Barry Delacruz,128.0,23.0
SP-92969-91668,Steven Porter,874.0,125.0
KC-55982-38565,Kathleen Cox,11069.0,2145.0
KT-62061-69364,Kathryn Thomas,9281.0,1601.0
SR-47088-67927,Sandra Ramirez,401.0,79.0
RR-16525-40153,Randy Reed,8707.0,1284.0
MB-89662-82240,Mr. Justin Banks,202.0,11.0
WC-15030-78449,William Camacho,712.0,166.0
JC-70758-36484,Jennifer Cruz,94.0,24.0
CM-31883-26716,Christopher Miller,603.0,172.0
AD-52398-13876,Alexandra Daniel,724.0,86.0
MN-90173-20538,Michelle Nelson,2416.0,377.0
SS-19817-49710,Sandra Smith,1444.0,336.0
KW-54312-49133,Kristy Welch,92.0,13.0
DD-84333-21515,Dustin Dixon,163.0,47.0
EC-27633-80382,Emily Crane,327.0,44.0
MM-30866-41529,Michael Shelton MD,10499.0,2230.0
AJ-26637-44548,Ashley Jones,1211.0,205.0
FC-38231-39807,Francisco Cervantes,2291.0,361.0
TH-71395-53337,Tracey Hutchinson,155.0,9.0
KA-88242-87501,Kyle Arias,278.0,55.0
FS-97300-17918,Frances Scott,481.0,73.0
SP-84841-52941,Sean Perry,408.0,95.0
LD-27203-61177,Lisa Diaz,196.0,47.0
EW-28245-15957,Elizabeth Wood,1984.0,283.0
TG-49571-61573,Thomas Gross,3183.0,400.0
SA-19986-72380,Sarah Anderson,316.0,82.0
CH-52761-32101,Carmen Huffman,16394.0,2243.0
RS-49810-73793,Ryan Sullivan,628.0,76.0
ME-52233-16329,Michael Espinoza,843.0,186.0
KT-20402-83712,Katherine Terrell,7207.0,1408.0
TC-87983-20704,Timothy Chapman,10569.0,1936.0
RJ-34753-30965,Rebekah Johnson,13137.0,2169.0
DA-57835-28944,Deborah Alexander,2845.0,710.0
GG-28030-47196,Gregory Gomez,830.0,161.0
SJ-24419-77675,Samantha Johnson,11483.0,2276.0
DA-40191-85419,Duane Allen,776.0,138.0
CA-49992-60270,Christian Andrade,4651.0,760.0
AJ-24256-82100,Anthony Johnson,430.0,82.0
ZP-24258-89038,Zachary Parker,840.0,100.0
DM-83148-91501,Debra Meyer,822.0,193.0
JB-19866-90296,Justin Brown,16252.0,2480.0
AL-47363-67244,Anthony Lee,1199.0,268.0
TB-87978-93897,Tammy Bridges,15195.0,2884.0
JO-51415-27554,Jason Ortega,1460.0,233.0
TC-32832-90154,Tiffany Cline,2385.0,500.0
AR-92738-13853,Anthony Rivera,7208.0,1525.0
SW-90878-47642,Shane Williams,12920.0,2425.0
RS-76239-79326,Ronald Sparks,8341.0,1309.0
RL-56916-57999,Robert Lynn,11018.0,2700.0
MR-69723-43067,Mark Rose,263.0,62.0
SC-50157-87397,Stephanie Cook,316.0,36.0
WC-81678-65054,William Cunningham,283.0,28.0
JM-59627-74056,Jason Murphy,1055.0,132.0
NS-43500-72174,Nathaniel Stanley,424.0,113.0
MR-34666-45579,Michelle Rivera,1037.0,225.0
DD-11937-12009,David Delgado,1275.0,202.0
RP-98888-46255,Robert Perry,764.0,148.0
SA-70189-98529,Shawn Alvarez,145.0,27.0
KA-13837-63641,Keith Avila,118.0,8.0
BF-63788-53091,Brooke Fields,3440.0,471.0
DM-15219-55605,Daniel Madden,185.0,13.0
TW-35916-32877,Tyler Wilson,31188.0,4366.0
AR-78302-94077,Angela Roberson,9481.0,1890.0
PS-50111-45382,Patrick Spencer,339.0,90.0
JK-83198-29332,Justin Kaiser,436.0,75.0
NC-44629-96900,Nicholas Chan,13745.0,2694.0
DJ-97382-69446,Daniel Jenkins,12855.0,2617.0
CM-52536-98358,Christina Mason,1128.0,204.0
KL-15241-90262,Kyle Lara,19333.0,4245.0
SB-82516-93364,Sarah Black,10419.0,1486.0
JT-20295-33745,Justin Tucker,1176.0,248.0
NF-85665-60328,Nicole Fowler,377.0,67.0
KF-60150-67699,Kristina Fowler,11432.0,1757.0
MJ-17676-78999,Michelle Jones,11154.0,2285.0
JN-30740-73922,Julie Nelson,570.0,98.0
SB-64450-11394,Sarah Barker,7451.0,1508.0
DR-65330-42716,Donald Ramos,292.0,77.0
LS-48721-71614,Lisa Smith,1903.0,266.0
AA-75174-17106,Alexis Adams,19014.0,1942.0
BW-80897-64335,Bruce Wilson,873.0,140.0
CS-25582-43489,Curtis Smith,55.0,6.0
NW-94517-48014,Nicholas West,636.0,113.0
TP-28028-56426,Timothy Parks,7783.0,1306.0
KH-77305-36553,Krista Houston,1494.0,371.0
MJ-40589-61125,Mario Jacobson,18632.0,3228.0
ME-64055-83637,Marie Ewing,932.0,109.0
TD-85776-18395,Taylor Daniels,4318.0,754.0
HM-24302-98574,Henry Meadows,8453.0,1410.0
MA-88497-65472,Makayla Andrade,9565.0,2004.0
AC-61985-17140,Anthony Carroll,1634.0,125.0
JD-45928-55672,Jake Williams DVM,1143.0,232.0
SP-59543-90092,Sarah Perry,116.0,21.0
JS-48810-57778,Jennifer Stewart,1852.0,315.0
AC-33118-19824,Alexander Cobb,6530.0,1017.0
RR-87809-33469,Randall Reyes,19969.0,3712.0
MW-63174-48618,Michele Walker,271.0,71.0
BA-78464-15923,Brian Alexander,172.0,43.0
JP-60579-27058,James Patel,984.0,114.0
HJ-72553-77078,Harold Forbes Jr.,17600.0,2345.0
TD-53428-56348,Troy Drake,9285.0,1648.0
MW-17636-78188,Mikayla Wiley,329.0,73.0
RB-22120-12219,Rebecca Burgess,12909.0,2142.0
DG-57628-72156,Derrick Garcia,715.0,82.0
DR-78853-73952,Dean Russell,957.0,114.0
HT-94371-34938,Harold Thompson,568.0,96.0
SG-66892-97040,Stephanie Garrett,726.0,182.0
WM-51713-15348,William Davis MD,505.0,80.0
BA-65016-68976,Barbara Arroyo,2132.0,392.0
AW-76172-52050,Amanda Webb,262.0,50.0
CP-40340-23074,Caroline Perez,444.0,115.0
KD-37163-28699,Kenneth Davidson,409.0,87.0
RH-10927-21981,Ruben Hodges,257.0,13.0
TT-48882-44082,Timothy Thompson,441.0,107.0
RC-40614-51689,Ricky Chase,6119.0,1031.0
KP-53221-66914,Kenneth Palmer,1900.0,208.0
JW-65664-42295,Jennifer Weiss,597.0,143.0
DB-91340-11960,Daniel Beltran,8312.0,1428.0
AG-66686-25368,Alex Gardner,7254.0,1169.0
PB-41565-70380,Paul Benjamin,532.0,45.0
JG-87499-28664,Jennifer Greene,234.0,14.0
JT-51673-10216,Jodi Tyler,1081.0,180.0
KJ-71043-71962,Katrina Johnson,8907.0,1421.0
DR-67205-36249,Donald Roth,1300.0,205.0
BS-63095-21840,Barbara Scott,5494.0,857.0
DR-16265-11114,David Richard,5333.0,807.0
JE-83575-87460,Jessica Evans,9537.0,1838.0
JB-47722-52204,James Baker,868.0,156.0
MP-61643-35160,Mark Payne,12834.0,1948.0
MP-34299-15885,Margaret Pacheco,870.0,167.0
SA-34398-77590,Stephen Anthony,701.0,103.0
KM-22656-54241,Kaitlin Martin,1040.0,183.0
AW-96611-23185,Annette Watson,1614.0,286.0
MR-14811-37257,Michael Rivera,113.0,7.0
TM-98502-55000,Tiffany Mitchell,290.0,64.0
CF-35120-15726,Christopher Fox,4847.0,825.0
JC-24598-87569,Javier Collier,664.0,93.0
SG-12375-28319,Scott Garcia,1858.0,360.0
WL-95152-80820,William Livingston,704.0,86.0
ER-84308-41833,Eric Ruiz,208.0,29.0
CM-97258-62227,Cynthia Meyer,490.0,102.0
MB-16548-21351,Melinda Burns,1197.0,284.0
BW-32573-42220,Brenda Wagner,69.0,9.0
RT-20914-68134,Roger Thomas,6350.0,1201.0
KJ-56289-37473,Kaitlyn Johnson,9097.0,1618.0
AM-39052-29741,Adam Mills,159.0,9.0
MH-79794-13324,Matthew Hall,217.0,65.0
TN-69813-98777,Terri Nguyen,634.0,97.0
DP-28809-84382,Dr. Angela Perry,913.0,222.0
EM-88754-77938,Erik Moore,9022.0,1403.0
JB-30757-51154,James Boone,14128.0,2373.0
KH-14828-12146,Kylie Heath,461.0,48.0
SP-95433-12824,Sarah Pittman,1721.0,360.0
MC-35488-88002,Melissa Collier,1101.0,208.0
NW-33063-23789,Norman Williams,10654.0,1945.0
MS-64279-84619,Mark Smith,386.0,56.0
AR-32173-51791,Andrew Ryan,647.0,157.0
SC-37547-89798,Sarah Carter,17355.0,3479.0
AR-49271-86845,Ashley Reed,767.0,186.0
MM-15306-20884,Michael Mack,8009.0,854.0
JL-24387-63861,Jason Lopez,1061.0,290.0
DD-54095-57585,David Delacruz,320.0,95.0
CS-35029-62618,Clarence Smith,375.0,60.0
RL-18229-14137,Richard Lee,6738.0,1331.0
MB-53547-85925,Michael Burch,9581.0,1552.0
JL-43516-63456,John Lowe,1566.0,309.0
SW-88467-33178,Shannon Weiss,542.0,82.0
PG-59243-98357,Peter Gardner,8669.0,1819.0
CM-35907-75286,Carl Murray,1173.0,236.0
CF-44232-14259,Christopher Flores,5461.0,929.0
CH-31470-97703,Charles Holloway,117.0,18.0
DS-96672-84914,Dr. Colleen Smith,10753.0,1690.0
TB-30031-44592,Tamara Brown,2169.0,601.0
NL-64192-85026,Nathan Lopez,14418.0,2610.0
JH-64612-71614,Jennifer Howard,1224.0,169.0
SH-65565-46494,Stacey Harrison,1288.0,250.0
KS-29099-14604,Kyle Sexton,1707.0,228.0
MM-12148-90546,Mercedes Morse,674.0,100.0
AB-16339-99083,Ashley Braun,9768.0,1174.0
TR-56542-99100,Timothy Rivera,601.0,66.0
DD-22672-63250,Dennis Davis,390.0,38.0
BM-28867-47052,Bonnie Moran,575.0,96.0
LW-75432-64330,Lauren Wilson,637.0,86.0
FM-74149-74400,Francisco Maxwell,9543.0,1893.0
DD-44816-41211,Daniel Davis,17593.0,4070.0
MA-42157-29196,Melissa Aguirre,537.0,110.0
CL-90627-98335,Carolyn Love,1355.0,175.0
SG-75926-92631,Stephanie Guzman,537.0,126.0
AH-20608-17497,Adam Hill,496.0,127.0
JB-64695-53509,Joseph Barnett,285.0,49.0
NH-21730-35709,Natalie Hanson,443.0,68.0
AS-28111-79836,Alicia Simpson,439.0,23.0
SM-82053-48615,Sabrina Montgomery,799.0,172.0
RR-43934-28698,Raymond Riley,490.0,97.0
SB-50447-82841,Scott Bryant,5456.0,978.0
PP-59430-78577,Patricia Pacheco,10066.0,1682.0
GD-34006-78087,Gary Dodson,439.0,103.0
WP-45184-69897,Walter Price PhD,291.0,27.0
MW-71078-32669,Melissa Wright,1609.0,229.0
LB-31752-46439,Lisa Beasley,258.0,70.0
SB-78076-87944,Suzanne Black,1015.0,233.0
GJ-82990-33560,Greg Johnson,707.0,163.0
MM-95348-73875,Michelle Mcdonald,343.0,70.0
LG-69310-28321,Lisa Gutierrez,15324.0,2630.0
RG-51545-12324,Ricky Garcia,980.0,107.0
EA-75435-49921,Elizabeth Anderson,15623.0,3049.0
PD-79590-97945,Pamela Dickerson,13203.0,2931.0
JH-90600-26327,John Harris,6437.0,958.0
SS-88627-83417,Samantha Smith,10355.0,1631.0
RB-39372-44223,Rachel Bryant,1797.0,272.0
BN-70865-64537,Beverly Noble,516.0,47.0
DC-89946-72375,Donald Crawford,101.0,14.0
KR-56135-15972,Kimberly Reed,10552.0,1967.0
EC-83796-50539,Erica Cummings,590.0,108.0
KB-77954-37645,Katrina Banks,478.0,113.0
RG-56055-69909,Riley Gallagher,94.0,21.0
JW-73444-67738,Jacob Walker,93.0,18.0
MC-69678-30744,Maria Chung,7205.0,1322.0
WP-71510-12834,Wendy Pacheco,353.0,45.0
AO-29699-88552,Alexander Ortiz,511.0,82.0
SD-24320-13693,Stacy Wiggins DDS,2039.0,341.0
JP-77073-34798,Julia Petty,137.0,30.0
HF-54738-10413,Haley Flores,1492.0,383.0
JS-68648-16929,Joshua Stevens,6898.0,1194.0
CR-75052-25416,Charles Romero,6743.0,1260.0
SR-19244-80459,Savannah Rodriguez,492.0,79.0
TW-37887-13877,Tara Wagner,910.0,204.0
TM-59307-41034,Tracy Martin,14635.0,2790.0
RH-69888-42322,Ronald Holt,1417.0,301.0
WP-21316-88793,Wesley Parsons,12649.0,2299.0
SW-19256-64423,Scott Wilson,132.0,7.0
ML-68697-10476,Melissa Long,704.0,113.0
EH-36893-26262,Ernest Hester,1770.0,394.0
BM-78264-77912,Becky Miller,9444.0,1433.0
MS-14332-82678,Marcus Stevens,5923.0,1092.0
DD-14244-66326,Donna Doyle,8458.0,1282.0
BJ-27602-29821,Brian Jenkins,12265.0,2599.0
DT-40201-48804,Dana Thompson,869.0,85.0
CC-92304-16443,Cynthia Cooper,1948.0,295.0
BR-67446-55113,Barbara Reyes,4765.0,771.0
JD-51694-76946,Jason Dean,390.0,55.0
NH-21473-81885,Nicolas Hurley,5314.0,809.0
JD-85790-41632,Joseph Donaldson,7386.0,1033.0
RW-32376-43188,Randall Williams,145.0,9.0
TC-96258-37901,Timothy Chen,742.0,115.0
CJ-19974-65292,Casey Jordan,991.0,173.0
BP-59121-75523,Bradley Poole,553.0,123.0
NS-16020-48873,Nicholas Solis,1202.0,244.0
DC-61215-20364,Danielle Cole,14570.0,2674.0
BB-26894-71612,Benjamin Burns,14715.0,2147.0
AG-79566-73845,Andrew Garrison,433.0,65.0
CM-66855-31487,Crystal Moore,889.0,97.0
AC-54211-91884,Anita Cunningham,578.0,96.0
MT-56886-44299,Mario Tran,2324.0,530.0
EC-64146-83046,Edward Carpenter,630.0,79.0
AC-70734-50156,Adrian Chan,958.0,96.0
PW-26825-40033,Paul Wallace,544.0,129.0
RR-53565-57243,Robert Rice,10471.0,1657.0
JP-46437-57066,Joshua Pitts,418.0,48.0
NP-36197-26357,Nicholas Pierce,1154.0,235.0
MG-78779-57625,Michael Gay,279.0,42.0
JH-90883-14291,James Howard,10537.0,1949.0
ER-75206-34578,Eric Reyes,955.0,173.0
TB-17409-94749,Tracy Bailey,15419.0,2525.0
CM-75555-76642,Christopher Mason,13388.0,3442.0
WM-42144-94711,Walter Martin,895.0,176.0
WT-10311-68902,Wanda Thomas,1847.0,385.0
JB-38456-96495,Joshua Byrd,2514.0,169.0
CM-39929-35905,Claudia Moore,1206.0,143.0
TS-37879-20654,Tara Smith,6614.0,1132.0
SB-86125-41631,Stacey Brown,7404.0,1436.0
KR-65126-70731,Kerri Rodgers,86.0,10.0
HB-19771-46989,Hannah Braun,482.0,91.0
CA-79062-54824,Crystal Arnold,11712.0,1927.0
NT-98349-65616,Nathan Thomas,4218.0,828.0
PC-75149-29577,Patrick Castro,6629.0,1031.0
PM-22852-84625,Peter Mccarthy,11934.0,2440.0
CC-13828-15072,Christine Cunningham,895.0,219.0
PM-35755-42913,Paul Miles,330.0,47.0
NH-32164-29707,Nicole Hood,921.0,93.0
BC-21479-72570,Breanna Cook,1448.0,301.0
DW-49996-98288,Dawn Williams,8949.0,1636.0
JS-93990-84441,Joshua Snow,91.0,24.0
CH-19046-49365,Cheryl Holloway,9338.0,1752.0
DH-70351-20778,David Harrington,6405.0,953.0
CC-59153-70810,Christine Cox,649.0,146.0
DP-82022-62593,Dakota Campbell PhD,17875.0,2425.0
CW-18069-19689,Connor Whitehead,1522.0,203.0
JS-64792-62874,John Scott,6517.0,975.0
KS-99480-64274,Kenneth Scott,15337.0,2721.0
JH-26226-93020,Judith Higgins,579.0,100.0
BB-36779-81447,Brooke Beck,10129.0,1898.0
KT-54637-22014,Kimberly Thompson,259.0,58.0
AB-49280-28956,Anthony Bridges,6528.0,841.0
MC-56334-49440,Maria Clark,865.0,212.0
JH-81634-88516,Julie Hernandez,11399.0,1769.0
MR-59354-15889,Mark Reese,493.0,36.0
JR-97876-85186,Justin Russell,1446.0,290.0
SP-99674-27231,Sonya Pena,397.0,44.0
JA-82378-88817,Johnny Atkins,1476.0,163.0
MW-45309-56271,Melissa Wolf,3359.0,741.0
JR-69050-99946,Joshua Robinson,7802.0,1643.0
LM-26551-99889,Lauren Morris,834.0,136.0
AG-99720-59653,Anthony Gordon,18162.0,2665.0
JR-33635-64193,Jennifer Rowe,8282.0,1173.0
JC-37065-64944,Juan Carroll,8557.0,1550.0
JD-70833-10221,Juan Davis,511.0,107.0
AP-71937-40154,Alexis Pratt,280.0,46.0
TH-14297-46649,Taylor Hunter,352.0,30.0
EB-91474-14138,Edward Baker,1495.0,114.0
JK-95098-55964,Jack Kane,1887.0,270.0
JT-95819-24642,Jeremy Torres,2287.0,454.0
AG-30370-77104,Ashley Garcia,2405.0,348.0
MV-89720-23385,Mark Vaughn,604.0,92.0
PJ-75122-37781,Pamela Jordan,561.0,139.0
AW-96345-73568,Alexandria Williams,55.0,9.0
KR-91780-26462,Keith Rodriguez,923.0,189.0
CL-71916-87699,Christina Long,213.0,30.0
ZJ-83982-85715,Zachary Joseph,597.0,87.0
DR-11939-98727,Daniel Rodriguez,14899.0,3255.0
TC-99094-57950,Tiffany Clark,1154.0,201.0
AB-61134-68503,Alyssa Bailey,559.0,92.0
RL-68531-66869,Regina Lopez,432.0,89.0
KG-66068-23161,Kevin Goodwin,298.0,36.0
AR-27827-68452,Aaron Rangel,333.0,65.0
RP-75113-68306,Rachel Peterson,671.0,170.0
JD-11148-15726,Joseph Davis,6162.0,972.0
HW-48708-41544,Heather White,836.0,124.0
MB-20270-28170,Mark Brown,1132.0,152.0
NH-73852-83188,Nicholas Harrington,1346.0,250.0
AM-37083-52462,Andrea Miller,244.0,71.0
AP-38012-25290,Angela Pearson,676.0,173.0
ME-94174-64988,Michael Everett,1251.0,261.0
AB-55726-84942,Amy Bryant,9739.0,1860.0
SR-68574-35380,Susan Richardson,8431.0,1535.0
TC-92078-17134,Timothy Cobb,9394.0,1940.0
KC-93517-14408,Kimberly Crawford,11639.0,2041.0
TW-88279-66340,Thomas Walker,2387.0,310.0
GC-81634-46186,Gina Cochran,699.0,139.0
JS-89011-57911,Jane Smith,1216.0,152.0
ML-46971-92483,Michael Lopez,751.0,158.0
MO-42212-31634,Matthew Owens,710.0,86.0
DF-80447-68437,Devon Foster,13217.0,2145.0
DG-61841-23014,Daniel Graham,11484.0,1587.0
JJ-99768-81778,Joyce Jordan,8584.0,1389.0
RA-68011-53614,Renee Adams,976.0,100.0
MG-52269-55732,Matthew Gregory,557.0,93.0
MB-61453-82716,Mark Bush,588.0,102.0
AR-38737-95957,Ana Robertson,6902.0,1109.0
JL-13036-86997,Jacob Lewis,734.0,65.0
PB-49433-70968,Patrick Boyer,8808.0,1711.0
AK-70386-43610,Angel Krueger,1986.0,422.0
CC-94512-49284,Chelsea Clark,1834.0,372.0
WB-55236-25613,Wayne Bryan,7396.0,1179.0
JL-98824-16141,Jodi Lucas,901.0,195.0
JC-15446-15362,Jason Carter,1987.0,367.0
CJ-10014-79867,Cassandra Jackson,1725.0,110.0
SJ-74087-57270,Suzanne Johnson,751.0,196.0
MC-23506-64064,Martha Collins,8639.0,1840.0
TS-45443-98966,Theresa Stout,672.0,100.0
JH-92248-28007,James Hull,2456.0,473.0
MA-97530-10615,Melissa Acosta,6553.0,1150.0
RL-30737-71126,Reginald Long,321.0,67.0
MM-29722-90890,Miguel Martinez,199.0,54.0
HS-75351-15550,Heather Santana,675.0,114.0
MM-34376-88055,Manuel Martinez,8650.0,1489.0
KT-91190-65992,Kathryn Thompson,1552.0,88.0
RM-74006-21125,Rhonda Mitchell,1909.0,221.0
GG-98586-70810,Gary Gross,492.0,96.0
SJ-36274-71371,Shannon Jones,1188.0,240.0
AD-86300-18191,Adam David,300.0,55.0
CM-71471-51647,Christine May,10945.0,972.0
AA-92450-60137,Amy Archer,18301.0,3730.0
HR-77774-49208,Harold Riddle,19505.0,4047.0
DC-56463-69842,Daniel Carpenter,8195.0,1573.0
JW-47131-46294,Jason Williams,84.0,13.0
CW-19171-91730,Cassie Wells,757.0,121.0
JS-91698-84778,Jeff Snyder,96.0,23.0
AF-29238-43966,Ashley Ford,9001.0,1536.0
CJ-68163-15317,Christina Jordan,16205.0,2539.0
MP-31947-67670,Michael Perry,1729.0,404.0
RC-17630-78573,Richard Coleman,1773.0,400.0
MM-61735-27425,Manuel Martin,1040.0,180.0
JJ-35733-10543,James Jenkins,6118.0,1084.0
JM-96905-60688,Jamie Mcclain,9601.0,1549.0
LT-26009-59989,Laura Thompson,812.0,141.0
WL-47216-56617,William Lopez,569.0,106.0
SW-22739-55117,Sarah Watson,10680.0,1923.0
LP-90974-77378,Laura Peters,938.0,203.0
TD-68701-33002,Taylor Dickson,9768.0,1601.0
MG-78643-48347,Mark Gilbert,7494.0,1201.0
MB-42303-92666,Melissa Burnett,18856.0,3930.0
JS-98414-65692,Jeffrey Stark,737.0,71.0
ZG-76959-21037,Zachary Green,401.0,45.0
KS-46987-49322,Kelly Sawyer,372.0,87.0
EB-61825-38732,Erik Barr,833.0,109.0
CG-49171-96676,Chad Gonzalez,352.0,67.0
JJ-60990-20772,Jeffrey Jackson,13219.0,2151.0
AC-71105-42895,Anne Chandler,457.0,98.0
DS-42120-17614,David Strong,7516.0,1239.0
EG-25674-87079,Elijah Garner,23852.0,3182.0
CT-79185-51981,Christy Thomas,456.0,103.0
PW-36734-14041,Paul Warner,228.0,38.0
SW-89503-30469,Stephen Wheeler,90.0,26.0
TS-56765-70567,Tara Sherman,6165.0,1154.0
KF-97888-35546,Kimberly Freeman,14988.0,3408.0
AT-65219-41466,Allen Thomas,971.0,221.0
RS-74503-38105,Randy Savage,14365.0,2040.0
JH-24619-18376,Joseph Hernandez,8493.0,1562.0
TL-40264-63097,Theodore Lopez,649.0,147.0
CH-95553-28194,Cesar Haley,481.0,34.0
SN-99902-70379,Stephanie Newton,1997.0,110.0
JC-91135-26528,John Chen,323.0,49.0
JS-33838-59998,Jonathan Smith,222.0,42.0
CW-58852-71981,Christopher Watson,142.0,22.0
KR-68477-43721,Kathleen Reynolds,594.0,115.0
MH-96980-10304,Michelle Hardy,8036.0,1703.0
EH-87546-11050,Edward Hutchinson,1392.0,241.0
AS-27557-45658,Anne Sanchez,79.0,14.0
AS-28780-53679,Arthur Silva,8923.0,1491.0
CH-99636-63698,Christine Harper,3222.0,415.0
MB-64086-49141,Marie Bennett,767.0,93.0
EC-11547-53735,Edward Clarke,930.0,156.0
ST-83737-25185,Stephen Tucker,342.0,31.0
LZ-90911-79771,Leah Zavala,16818.0,2770.0
NG-19100-14135,Nancy Garcia,12708.0,1671.0
MD-74282-10915,Mary Delgado,10918.0,1610.0
CP-87930-52158,Christopher Peterson,16278.0,2026.0
TP-50156-62485,Theresa Powers,8159.0,675.0
BE-55964-31996,Brian Escobar,104.0,30.0
JF-13080-80394,Jessica Fernandez,224.0,14.0
SC-44065-15045,Stephanie Collier,932.0,80.0
ZA-56236-90340,Zachary Anderson,10535.0,1533.0
BT-42519-70318,Brittany Thomas,9163.0,1754.0
MS-96031-38860,Michael Smith,10621.0,1930.0
RB-57369-18127,Rachel Brady,753.0,76.0
DS-45340-73204,Diana Sellers,1783.0,270.0
LG-31771-83134,Lauren Garcia,87.0,26.0
TM-34130-69168,Timothy Morales,340.0,101.0
CW-94079-98228,Charles Walker,645.0,109.0
JT-40936-65885,Julie Thomas,948.0,177.0
BC-41459-44638,Brandy Cook,1328.0,168.0
RW-68013-49452,Rebecca Walton,2061.0,367.0
AB-17424-47993,Alicia Brown,542.0,97.0
OH-88135-49787,Oscar Hart,2035.0,437.0
AB-45525-60540,Alex Ballard,416.0,56.0
MK-79036-32245,Mark King,9851.0,1486.0
RM-55385-58183,Rhonda Moore,1417.0,130.0
EA-60917-11405,Elizabeth Adams,6748.0,1175.0
ES-20230-71476,Evan Smith,10741.0,1894.0
HM-91656-79050,Heather Maddox,560.0,91.0
JM-12485-17301,James Morris,495.0,107.0
ML-75196-75838,Mr. Lucas Liu,1435.0,343.0
AS-69640-29636,Alan Suarez,5829.0,1161.0
KV-59065-85333,Kyle Villa,727.0,104.0
JF-34058-64266,Joseph Forbes,3486.0,511.0
ER-65560-61190,Erin Rodriguez,1225.0,275.0
DM-10434-47882,Dominique Mcguire,2303.0,318.0
CR-45349-24076,Christian Reed,1193.0,263.0
VB-52237-72022,Veronica Bailey,9601.0,1687.0
SJ-88180-42830,Steven James,867.0,132.0
KR-33578-71503,Karen Reynolds,1326.0,189.0
SS-46162-42668,Stephanie Sims,355.0,47.0
MS-72994-51285,Mary Smith,21767.0,3916.0
MC-41323-93133,Marcus Clay,8919.0,1491.0
AR-33101-65680,Amanda Rodgers,532.0,152.0
JS-45871-44638,Joshua Scott,7851.0,1242.0
LM-55063-16361,Lindsay Mayer,923.0,222.0
DT-48992-13094,Dakota Torres,1523.0,285.0
DN-99601-78102,Dawn Novak,9299.0,1700.0
VS-38951-38925,Vanessa Smith,335.0,70.0
CW-57684-45047,Christopher Wilkinson,8028.0,1491.0
CM-50645-27758,Crystal Maxwell,689.0,93.0
DB-33572-38488,Diane Becker,119.0,18.0
DR-16004-89586,Daniel Rivera,802.0,78.0
JP-24955-75026,Jeffrey Patterson,374.0,64.0
SS-84685-91621,Steven Smith,1072.0,203.0
EJ-40010-13474,Emily Joseph,83.0,14.0
MA-54020-45401,Megan Atkinson,747.0,180.0
AF-25953-27418,Angela Farrell,11636.0,819.0
MR-85395-26477,Mary Robinson,13339.0,2550.0
WG-62726-65331,Walter Gutierrez,1857.0,146.0
EG-44601-66318,Emily Garcia,10536.0,1858.0
EF-87394-25376,Emily Fowler,8562.0,1882.0
MG-10552-77813,Mr. Brian Garcia,538.0,47.0
AR-86973-84402,Angela Ramirez,1420.0,328.0
JM-42109-76407,Jessica Moore,791.0,53.0
EH-19502-41708,Emily Holt,7155.0,1428.0
KD-29758-40953,Kyle Cardenas DVM,7025.0,1202.0
EA-67328-86239,Emily Anderson,8502.0,1543.0
MK-40472-25025,Mark Krueger,7942.0,1285.0
MG-46532-52163,Michael Griffith,427.0,122.0
MH-47963-94851,Mary Hinton,10212.0,1896.0
AP-90769-88672,Aaron Pineda,1086.0,206.0
DW-23425-12578,Derek Wilson,1137.0,171.0
AO-45507-24492,Amber Olson,18737.0,4192.0
CS-42373-91781,Cynthia Short,9294.0,1849.0
AH-21715-49277,Andrea Hall,922.0,178.0
KT-28739-17874,Kevin Torres,8658.0,1673.0
GH-80445-24356,Gina Hensley,899.0,195.0
MY-82924-59272,Mariah Young,6623.0,843.0
JC-74700-39328,Joseph Curtis,1211.0,276.0
MS-82130-16032,Michael Stevens,197.0,14.0
JD-79410-72698,Julie Warren DDS,10120.0,1656.0
JR-54942-81303,Jordan Rogers,602.0,157.0
CP-31184-78446,Courtney Pacheco,5659.0,1194.0
SR-99307-51889,Sonya Rodriguez,2209.0,285.0
LC-71289-48036,Lisa Coleman,208.0,16.0
SW-73643-16591,Steven Watson,311.0,66.0
CW-46438-10610,Charles Wilson,945.0,175.0
HW-44200-54729,Heather Williams,247.0,68.0
KS-77013-33785,Keith Scott,942.0,163.0
SW-27965-71986,Scott Weiss,295.0,79.0
HD-66980-56824,Heidi Davis,15960.0,2745.0
TK-66296-55655,Taylor Knight,551.0,129.0
CS-59888-29407,Christina Sims,291.0,23.0
EL-71922-62103,Eric Lopez,10178.0,2158.0
MH-28392-26343,Michelle Harding,717.0,87.0
JK-90641-55183,Jill Kennedy,6421.0,1279.0
EW-38056-62970,Ebony Wilson,10688.0,1876.0
AW-94671-13352,Angela Wilson,7899.0,1281.0
PJ-59347-17718,Paul Johnson,13948.0,2693.0
RL-18669-64115,Robin Lee,7408.0,1265.0
CR-96489-75348,Christopher Rios,213.0,26.0
MJ-96965-65773,Mary Jones,7719.0,1176.0
RA-85515-73737,Randy Anderson,8505.0,1609.0
AH-49111-60895,Andrew Huber,1312.0,258.0
TB-81546-83642,Taylor Baldwin,27867.0,4552.0
